stamp,n_played,team,p_titel,p_halbfinale,elo
2026-06-11 12:03,0,Aegypten,0.001,0.0195,1840.4
2026-06-11 12:03,0,Algerien,0.0022,0.0305,1899.0
2026-06-11 12:03,0,Argentinien,0.1075,0.3145,2202.8
2026-06-11 12:03,0,Australien,0.0018,0.0238,1889.2
2026-06-11 12:03,0,Belgien,0.035,0.168,2014.3
2026-06-11 12:03,0,Bosnien-Herzegowina,0.0,0.0067,1681.8
2026-06-11 12:03,0,Brasilien,0.043,0.1757,2098.2
2026-06-11 12:03,0,Curacao,0.0,0.0005,1570.4
2026-06-11 12:03,0,DR Kongo,0.0,0.0032,1772.2
2026-06-11 12:03,0,Deutschland,0.048,0.1973,2051.6
2026-06-11 12:03,0,Ecuador,0.0115,0.0907,2033.4
2026-06-11 12:03,0,Elfenbeinkueste,0.0018,0.03,1841.5
2026-06-11 12:03,0,England,0.0783,0.2697,2072.1
2026-06-11 12:03,0,Frankreich,0.16,0.399,2170.6
2026-06-11 12:03,0,Ghana,0.0,0.0025,1633.6
2026-06-11 12:03,0,Haiti,0.0,0.0005,1713.1
2026-06-11 12:03,0,Irak,0.0,0.0013,1736.7
2026-06-11 12:03,0,Iran,0.0015,0.0163,1904.1
2026-06-11 12:03,0,Japan,0.0152,0.0882,2038.0
2026-06-11 12:03,0,Jordanien,0.0,0.0005,1771.0
2026-06-11 12:03,0,Kanada,0.0037,0.0545,1939.8
2026-06-11 12:03,0,Kap Verde,0.0,0.0032,1732.1
2026-06-11 12:03,0,Katar,0.0,0.0,1539.0
2026-06-11 12:03,0,Kolumbien,0.0225,0.116,2075.3
2026-06-11 12:03,0,Kroatien,0.026,0.128,1984.3
2026-06-11 12:03,0,Marokko,0.0168,0.1022,2023.0
2026-06-11 12:03,0,Mexiko,0.0145,0.1015,1978.1
2026-06-11 12:03,0,Neuseeland,0.0003,0.0022,1690.2
2026-06-11 12:03,0,Niederlande,0.0483,0.1975,2057.7
2026-06-11 12:03,0,Norwegen,0.0285,0.1417,2011.0
2026-06-11 12:03,0,Oesterreich,0.0063,0.0638,1959.4
2026-06-11 12:03,0,Panama,0.0003,0.0055,1809.2
2026-06-11 12:03,0,Paraguay,0.001,0.0275,1916.7
2026-06-11 12:03,0,Portugal,0.0695,0.2355,2074.9
2026-06-11 12:03,0,Saudi-Arabien,0.0003,0.0032,1670.8
2026-06-11 12:03,0,Schottland,0.0008,0.0205,1831.2
2026-06-11 12:03,0,Schweden,0.0032,0.0352,1829.2
2026-06-11 12:03,0,Schweiz,0.0222,0.1293,2005.0
2026-06-11 12:03,0,Senegal,0.0067,0.0553,1928.9
2026-06-11 12:03,0,Spanien,0.1745,0.3885,2233.6
2026-06-11 12:03,0,Suedafrika,0.0,0.0008,1645.5
2026-06-11 12:03,0,Suedkorea,0.0025,0.0382,1875.1
2026-06-11 12:03,0,Tschechien,0.0027,0.0288,1842.8
2026-06-11 12:03,0,Tuerkei,0.0173,0.0948,1992.0
2026-06-11 12:03,0,Tunesien,0.0,0.0035,1765.9
2026-06-11 12:03,0,USA,0.0103,0.083,1882.1
2026-06-11 12:03,0,Uruguay,0.015,0.0922,1964.6
2026-06-11 12:03,0,Usbekistan,0.0003,0.009,1829.6
2026-06-12 09:34,2,Aegypten,0.0005,0.016,1833.0
2026-06-12 09:34,2,Algerien,0.0047,0.0385,1948.0
2026-06-12 09:34,2,Argentinien,0.115,0.321,2208.5
2026-06-12 09:34,2,Australien,0.001,0.0238,1895.5
2026-06-12 09:34,2,Belgien,0.044,0.1815,2026.9
2026-06-12 09:34,2,Bosnien-Herzegowina,0.0,0.0065,1689.1
2026-06-12 09:34,2,Brasilien,0.0398,0.1693,2105.5
2026-06-12 09:34,2,Curacao,0.0,0.0003,1576.6
2026-06-12 09:34,2,DR Kongo,0.0,0.004,1765.7
2026-06-12 09:34,2,Deutschland,0.0535,0.203,2065.7
2026-06-12 09:34,2,Ecuador,0.017,0.0978,2038.9
2026-06-12 09:34,2,Elfenbeinkueste,0.0025,0.036,1877.8
2026-06-12 09:34,2,England,0.0788,0.261,2083.4
2026-06-12 09:34,2,Frankreich,0.1295,0.3473,2137.6
2026-06-12 09:34,2,Ghana,0.0,0.0032,1633.7
2026-06-12 09:34,2,Haiti,0.0,0.0015,1695.7
2026-06-12 09:34,2,Irak,0.0,0.0005,1731.4
2026-06-12 09:34,2,Iran,0.0008,0.0155,1919.8
2026-06-12 09:34,2,Japan,0.0163,0.1037,2037.9
2026-06-12 09:34,2,Jordanien,0.0,0.0008,1762.6
2026-06-12 09:34,2,Kanada,0.0045,0.0503,1928.7
2026-06-12 09:34,2,Kap Verde,0.0,0.0027,1667.9
2026-06-12 09:34,2,Katar,0.0,0.0,1535.5
2026-06-12 09:34,2,Kolumbien,0.0257,0.1253,2083.5
2026-06-12 09:34,2,Kroatien,0.0272,0.1192,1991.5
2026-06-12 09:34,2,Marokko,0.02,0.112,2022.4
2026-06-12 09:34,2,Mexiko,0.0185,0.1175,2001.0
2026-06-12 09:34,2,Neuseeland,0.0,0.0043,1686.2
2026-06-12 09:34,2,Niederlande,0.0445,0.1875,2036.0
2026-06-12 09:34,2,Norwegen,0.0283,0.1422,2011.7
2026-06-12 09:34,2,Oesterreich,0.007,0.0565,1959.3
2026-06-12 09:34,2,Panama,0.0,0.0057,1807.0
2026-06-12 09:34,2,Paraguay,0.0035,0.028,1921.0
2026-06-12 09:34,2,Portugal,0.0828,0.258,2088.1
2026-06-12 09:34,2,Saudi-Arabien,0.0,0.0015,1692.1
2026-06-12 09:34,2,Schottland,0.0015,0.0217,1860.8
2026-06-12 09:34,2,Schweden,0.003,0.0352,1826.1
2026-06-12 09:34,2,Schweiz,0.019,0.1335,1998.5
2026-06-12 09:34,2,Senegal,0.0045,0.0505,1916.6
2026-06-12 09:34,2,Spanien,0.156,0.373,2219.2
2026-06-12 09:34,2,Suedafrika,0.0,0.002,1661.2
2026-06-12 09:34,2,Suedkorea,0.0047,0.0478,1897.7
2026-06-12 09:34,2,Tschechien,0.0018,0.0243,1842.0
2026-06-12 09:34,2,Tuerkei,0.017,0.0943,2002.9
2026-06-12 09:34,2,Tunesien,0.0003,0.0035,1753.4
2026-06-12 09:34,2,USA,0.0092,0.0725,1867.8
2026-06-12 09:34,2,Uruguay,0.0173,0.0935,1964.5
2026-06-12 09:34,2,Usbekistan,0.0005,0.0065,1819.8
2026-06-13 08:57,4,Aegypten,0.0013,0.0193,1833.0
2026-06-13 08:57,4,Algerien,0.0047,0.0413,1948.0
2026-06-13 08:57,4,Argentinien,0.1206,0.3192,2208.5
2026-06-13 08:57,4,Australien,0.0021,0.0212,1895.5
2026-06-13 08:57,4,Belgien,0.0387,0.1693,2026.9
2026-06-13 08:57,4,Bosnien-Herzegowina,0.0002,0.0082,1703.1
2026-06-13 08:57,4,Brasilien,0.0473,0.1792,2105.5
2026-06-13 08:57,4,Curacao,0.0,0.0,1576.6
2026-06-13 08:57,4,DR Kongo,0.0003,0.0047,1765.7
2026-06-13 08:57,4,Deutschland,0.0525,0.2073,2065.7
2026-06-13 08:57,4,Ecuador,0.0169,0.0975,2038.9
2026-06-13 08:57,4,Elfenbeinkueste,0.0038,0.038,1877.8
2026-06-13 08:57,4,England,0.0852,0.2695,2083.4
2026-06-13 08:57,4,Frankreich,0.1366,0.3637,2137.6
2026-06-13 08:57,4,Ghana,0.0001,0.0022,1633.7
2026-06-13 08:57,4,Haiti,0.0,0.0005,1695.7
2026-06-13 08:57,4,Irak,0.0,0.0009,1731.4
2026-06-13 08:57,4,Iran,0.0008,0.0168,1919.8
2026-06-13 08:57,4,Japan,0.0149,0.092,2037.9
2026-06-13 08:57,4,Jordanien,0.0,0.0007,1762.6
2026-06-13 08:57,4,Kanada,0.0049,0.0486,1914.6
2026-06-13 08:57,4,Kap Verde,0.0001,0.0016,1667.9
2026-06-13 08:57,4,Katar,0.0,0.0006,1535.5
2026-06-13 08:57,4,Kolumbien,0.0247,0.1204,2083.5
2026-06-13 08:57,4,Kroatien,0.0233,0.1227,1991.5
2026-06-13 08:57,4,Marokko,0.0199,0.1126,2022.4
2026-06-13 08:57,4,Mexiko,0.0198,0.1206,2001.0
2026-06-13 08:57,4,Neuseeland,0.0,0.0025,1686.2
2026-06-13 08:57,4,Niederlande,0.0451,0.1792,2036.0
2026-06-13 08:57,4,Norwegen,0.0261,0.1432,2011.7
2026-06-13 08:57,4,Oesterreich,0.0055,0.0508,1959.3
2026-06-13 08:57,4,Panama,0.0004,0.0054,1807.0
2026-06-13 08:57,4,Paraguay,0.0008,0.0122,1887.5
2026-06-13 08:57,4,Portugal,0.0737,0.2539,2088.1
2026-06-13 08:57,4,Saudi-Arabien,0.0,0.001,1692.1
2026-06-13 08:57,4,Schottland,0.0017,0.0245,1860.8
2026-06-13 08:57,4,Schweden,0.003,0.033,1826.1
2026-06-13 08:57,4,Schweiz,0.0225,0.1277,1998.5
2026-06-13 08:57,4,Senegal,0.0049,0.0516,1916.6
2026-06-13 08:57,4,Spanien,0.1453,0.353,2219.2
2026-06-13 08:57,4,Suedafrika,0.0,0.001,1661.2
2026-06-13 08:57,4,Suedkorea,0.0042,0.0534,1897.7
2026-06-13 08:57,4,Tschechien,0.0024,0.0231,1842.0
2026-06-13 08:57,4,Tuerkei,0.0151,0.0976,2002.9
2026-06-13 08:57,4,Tunesien,0.0,0.0032,1753.4
2026-06-13 08:57,4,USA,0.0148,0.1039,1901.3
2026-06-13 08:57,4,Uruguay,0.0156,0.0949,1964.5
2026-06-13 08:57,4,Usbekistan,0.0002,0.0063,1819.8
2026-06-15 08:25,12,Aegypten,0.0012,0.0178,1833.0
2026-06-15 08:25,12,Algerien,0.0055,0.0412,1948.0
2026-06-15 08:25,12,Argentinien,0.1182,0.3157,2208.5
2026-06-15 08:25,12,Australien,0.0033,0.045,1932.3
2026-06-15 08:25,12,Belgien,0.0382,0.1712,2026.9
2026-06-15 08:25,12,Bosnien-Herzegowina,0.0002,0.0092,1703.1
2026-06-15 08:25,12,Brasilien,0.041,0.1755,2100.8
2026-06-15 08:25,12,Curacao,0.0,0.0,1571.1
2026-06-15 08:25,12,DR Kongo,0.0,0.0038,1765.7
2026-06-15 08:25,12,Deutschland,0.0592,0.22,2071.2
2026-06-15 08:25,12,Ecuador,0.0097,0.0717,2010.3
2026-06-15 08:25,12,Elfenbeinkueste,0.0063,0.0615,1906.5
2026-06-15 08:25,12,England,0.0873,0.2778,2083.4
2026-06-15 08:25,12,Frankreich,0.1352,0.3542,2137.6
2026-06-15 08:25,12,Ghana,0.0002,0.0017,1633.7
2026-06-15 08:25,12,Haiti,0.0,0.0,1684.5
2026-06-15 08:25,12,Irak,0.0,0.0008,1731.4
2026-06-15 08:25,12,Iran,0.0012,0.0185,1919.8
2026-06-15 08:25,12,Japan,0.016,0.0972,2037.8
2026-06-15 08:25,12,Jordanien,0.0,0.0008,1762.6
2026-06-15 08:25,12,Kanada,0.0035,0.0427,1914.6
2026-06-15 08:25,12,Kap Verde,0.0,0.002,1667.9
2026-06-15 08:25,12,Katar,0.0,0.0012,1552.9
2026-06-15 08:25,12,Kolumbien,0.0248,0.1215,2083.5
2026-06-15 08:25,12,Kroatien,0.0225,0.1205,1991.5
2026-06-15 08:25,12,Marokko,0.0205,0.116,2027.1
2026-06-15 08:25,12,Mexiko,0.017,0.1083,2001.0
2026-06-15 08:25,12,Neuseeland,0.0002,0.002,1686.2
2026-06-15 08:25,12,Niederlande,0.0443,0.1777,2036.1
2026-06-15 08:25,12,Norwegen,0.0285,0.144,2011.7
2026-06-15 08:25,12,Oesterreich,0.0072,0.0595,1959.3
2026-06-15 08:25,12,Panama,0.0003,0.0067,1807.0
2026-06-15 08:25,12,Paraguay,0.0008,0.0125,1887.5
2026-06-15 08:25,12,Portugal,0.0848,0.2633,2088.1
2026-06-15 08:25,12,Saudi-Arabien,0.0,0.0012,1692.1
2026-06-15 08:25,12,Schottland,0.0022,0.032,1871.9
2026-06-15 08:25,12,Schweden,0.0055,0.0588,1857.8
2026-06-15 08:25,12,Schweiz,0.0167,0.0978,1981.1
2026-06-15 08:25,12,Senegal,0.0052,0.0545,1916.6
2026-06-15 08:25,12,Spanien,0.1512,0.3652,2219.2
2026-06-15 08:25,12,Suedafrika,0.0,0.0008,1661.2
2026-06-15 08:25,12,Suedkorea,0.004,0.0502,1897.7
2026-06-15 08:25,12,Tschechien,0.0013,0.0257,1842.0
2026-06-15 08:25,12,Tuerkei,0.0067,0.0522,1966.2
2026-06-15 08:25,12,Tunesien,0.0,0.0002,1721.6
2026-06-15 08:25,12,USA,0.0133,0.0992,1901.3
2026-06-15 08:25,12,Uruguay,0.0167,0.0948,1964.5
2026-06-15 08:25,12,Usbekistan,0.0003,0.0062,1819.8
2026-06-16 08:16,16,Aegypten,0.0017,0.0217,1843.2
2026-06-16 08:16,16,Algerien,0.0041,0.0429,1948.0
2026-06-16 08:16,16,Argentinien,0.1293,0.3383,2208.5
2026-06-16 08:16,16,Australien,0.0037,0.0474,1932.3
2026-06-16 08:16,16,Belgien,0.0387,0.1638,2016.8
2026-06-16 08:16,16,Bosnien-Herzegowina,0.0003,0.0094,1703.1
2026-06-16 08:16,16,Brasilien,0.0454,0.1789,2100.8
2026-06-16 08:16,16,Curacao,0.0,0.0,1571.1
2026-06-16 08:16,16,DR Kongo,0.0002,0.0039,1765.7
2026-06-16 08:16,16,Deutschland,0.0573,0.2208,2071.2
2026-06-16 08:16,16,Ecuador,0.0112,0.0701,2010.3
2026-06-16 08:16,16,Elfenbeinkueste,0.006,0.0602,1906.5
2026-06-16 08:16,16,England,0.0837,0.2672,2083.4
2026-06-16 08:16,16,Frankreich,0.1316,0.3493,2137.6
2026-06-16 08:16,16,Ghana,0.0,0.0022,1633.7
2026-06-16 08:16,16,Haiti,0.0,0.0004,1684.5
2026-06-16 08:16,16,Irak,0.0,0.0006,1731.4
2026-06-16 08:16,16,Iran,0.0006,0.012,1908.1
2026-06-16 08:16,16,Japan,0.0164,0.098,2037.8
2026-06-16 08:16,16,Jordanien,0.0,0.0006,1762.6
2026-06-16 08:16,16,Kanada,0.0041,0.0439,1914.6
2026-06-16 08:16,16,Kap Verde,0.0,0.0028,1686.3
2026-06-16 08:16,16,Katar,0.0,0.0006,1552.9
2026-06-16 08:16,16,Kolumbien,0.0266,0.126,2083.5
2026-06-16 08:16,16,Kroatien,0.0239,0.1314,1991.5
2026-06-16 08:16,16,Marokko,0.0226,0.1169,2027.1
2026-06-16 08:16,16,Mexiko,0.0189,0.1141,2001.0
2026-06-16 08:16,16,Neuseeland,0.0,0.0027,1697.9
2026-06-16 08:16,16,Niederlande,0.0474,0.1841,2036.1
2026-06-16 08:16,16,Norwegen,0.0255,0.1388,2011.7
2026-06-16 08:16,16,Oesterreich,0.0092,0.0641,1959.3
2026-06-16 08:16,16,Panama,0.0002,0.0069,1807.0
2026-06-16 08:16,16,Paraguay,0.0008,0.0119,1887.5
2026-06-16 08:16,16,Portugal,0.0774,0.2554,2088.1
2026-06-16 08:16,16,Saudi-Arabien,0.0001,0.0022,1705.2
2026-06-16 08:16,16,Schottland,0.0024,0.0328,1871.9
2026-06-16 08:16,16,Schweden,0.0057,0.058,1857.8
2026-06-16 08:16,16,Schweiz,0.0162,0.1052,1981.1
2026-06-16 08:16,16,Senegal,0.005,0.0502,1916.6
2026-06-16 08:16,16,Spanien,0.1457,0.3514,2200.8
2026-06-16 08:16,16,Suedafrika,0.0,0.0008,1661.2
2026-06-16 08:16,16,Suedkorea,0.0043,0.0536,1897.7
2026-06-16 08:16,16,Tschechien,0.0018,0.0217,1842.0
2026-06-16 08:16,16,Tuerkei,0.0066,0.0479,1966.2
2026-06-16 08:16,16,Tunesien,0.0,0.0006,1721.6
2026-06-16 08:16,16,USA,0.0144,0.1017,1901.3
2026-06-16 08:16,16,Uruguay,0.011,0.081,1951.4
2026-06-16 08:16,16,Usbekistan,0.0003,0.0055,1819.8
2026-06-17 07:55,20,Aegypten,0.0013,0.0225,1843.2
2026-06-17 07:55,20,Algerien,0.0032,0.0315,1935.4
2026-06-17 07:55,20,Argentinien,0.1375,0.3708,2221.2
2026-06-17 07:55,20,Australien,0.0048,0.0455,1932.3
2026-06-17 07:55,20,Belgien,0.0346,0.1692,2016.8
2026-06-17 07:55,20,Bosnien-Herzegowina,0.0004,0.0095,1703.1
2026-06-17 07:55,20,Brasilien,0.0449,0.1691,2100.8
2026-06-17 07:55,20,Curacao,0.0,0.0001,1571.1
2026-06-17 07:55,20,DR Kongo,0.0,0.0044,1765.7
2026-06-17 07:55,20,Deutschland,0.0525,0.2053,2071.2
2026-06-17 07:55,20,Ecuador,0.0099,0.0711,2010.3
2026-06-17 07:55,20,Elfenbeinkueste,0.0056,0.0557,1906.5
2026-06-17 07:55,20,England,0.0831,0.2665,2083.4
2026-06-17 07:55,20,Frankreich,0.1478,0.3742,2149.9
2026-06-17 07:55,20,Ghana,0.0002,0.0028,1633.7
2026-06-17 07:55,20,Haiti,0.0,0.0007,1684.5
2026-06-17 07:55,20,Irak,0.0,0.0004,1719.9
2026-06-17 07:55,20,Iran,0.0003,0.0116,1908.1
2026-06-17 07:55,20,Japan,0.0144,0.095,2037.8
2026-06-17 07:55,20,Jordanien,0.0,0.0007,1752.9
2026-06-17 07:55,20,Kanada,0.0049,0.046,1914.6
2026-06-17 07:55,20,Kap Verde,0.0,0.0032,1686.3
2026-06-17 07:55,20,Katar,0.0,0.0004,1552.9
2026-06-17 07:55,20,Kolumbien,0.0248,0.1269,2083.5
2026-06-17 07:55,20,Kroatien,0.0233,0.1262,1991.5
2026-06-17 07:55,20,Marokko,0.0192,0.113,2027.1
2026-06-17 07:55,20,Mexiko,0.0159,0.1085,2001.0
2026-06-17 07:55,20,Neuseeland,0.0,0.0022,1697.9
2026-06-17 07:55,20,Niederlande,0.0414,0.1782,2036.1
2026-06-17 07:55,20,Norwegen,0.0297,0.1592,2023.2
2026-06-17 07:55,20,Oesterreich,0.01,0.0736,1969.1
2026-06-17 07:55,20,Panama,0.0,0.0063,1807.0
2026-06-17 07:55,20,Paraguay,0.0004,0.0109,1887.5
2026-06-17 07:55,20,Portugal,0.0722,0.2457,2088.1
2026-06-17 07:55,20,Saudi-Arabien,0.0,0.0026,1705.2
2026-06-17 07:55,20,Schottland,0.0026,0.0292,1871.9
2026-06-17 07:55,20,Schweden,0.0065,0.0608,1857.8
2026-06-17 07:55,20,Schweiz,0.017,0.1023,1981.1
2026-06-17 07:55,20,Senegal,0.0037,0.0407,1904.2
2026-06-17 07:55,20,Spanien,0.1461,0.3487,2200.8
2026-06-17 07:55,20,Suedafrika,0.0,0.0012,1661.2
2026-06-17 07:55,20,Suedkorea,0.0052,0.051,1897.7
2026-06-17 07:55,20,Tschechien,0.0019,0.0249,1842.0
2026-06-17 07:55,20,Tuerkei,0.0088,0.05,1966.2
2026-06-17 07:55,20,Tunesien,0.0001,0.0004,1721.6
2026-06-17 07:55,20,USA,0.0154,0.1021,1901.3
2026-06-17 07:55,20,Uruguay,0.0103,0.0739,1951.4
2026-06-17 07:55,20,Usbekistan,0.0001,0.0053,1819.8
2026-06-18 08:32,24,Aegypten,0.0011,0.0238,1843.2
2026-06-18 08:32,24,Algerien,0.0033,0.0328,1935.4
2026-06-18 08:32,24,Argentinien,0.1392,0.3804,2221.2
2026-06-18 08:32,24,Australien,0.0055,0.0482,1932.3
2026-06-18 08:32,24,Belgien,0.0358,0.1679,2016.8
2026-06-18 08:32,24,Bosnien-Herzegowina,0.0003,0.0116,1703.1
2026-06-18 08:32,24,Brasilien,0.0401,0.169,2100.8
2026-06-18 08:32,24,Curacao,0.0,0.0,1571.1
2026-06-18 08:32,24,DR Kongo,0.0005,0.0057,1780.2
2026-06-18 08:32,24,Deutschland,0.054,0.2144,2071.2
2026-06-18 08:32,24,Ecuador,0.0089,0.0607,2010.3
2026-06-18 08:32,24,Elfenbeinkueste,0.0048,0.0488,1906.5
2026-06-18 08:32,24,England,0.1035,0.3154,2104.4
2026-06-18 08:32,24,Frankreich,0.1395,0.3647,2149.9
2026-06-18 08:32,24,Ghana,0.0,0.0064,1662.9
2026-06-18 08:32,24,Haiti,0.0,0.0001,1684.5
2026-06-18 08:32,24,Irak,0.0,0.0002,1719.9
2026-06-18 08:32,24,Iran,0.0005,0.0132,1908.1
2026-06-18 08:32,24,Japan,0.0136,0.0905,2037.8
2026-06-18 08:32,24,Jordanien,0.0,0.0,1748.8
2026-06-18 08:32,24,Kanada,0.004,0.0438,1914.6
2026-06-18 08:32,24,Kap Verde,0.0,0.0025,1686.3
2026-06-18 08:32,24,Katar,0.0,0.0005,1552.9
2026-06-18 08:32,24,Kolumbien,0.0312,0.1591,2093.6
2026-06-18 08:32,24,Kroatien,0.0184,0.0952,1970.5
2026-06-18 08:32,24,Marokko,0.0187,0.1089,2027.1
2026-06-18 08:32,24,Mexiko,0.0182,0.1002,2001.0
2026-06-18 08:32,24,Neuseeland,0.0002,0.0018,1697.9
2026-06-18 08:32,24,Niederlande,0.0404,0.1692,2036.1
2026-06-18 08:32,24,Norwegen,0.0324,0.158,2023.2
2026-06-18 08:32,24,Oesterreich,0.0107,0.0782,1973.1
2026-06-18 08:32,24,Panama,0.0,0.0015,1777.8
2026-06-18 08:32,24,Paraguay,0.0008,0.0101,1887.5
2026-06-18 08:32,24,Portugal,0.0629,0.2237,2073.5
2026-06-18 08:32,24,Saudi-Arabien,0.0,0.0019,1705.2
2026-06-18 08:32,24,Schottland,0.0027,0.0316,1871.9
2026-06-18 08:32,24,Schweden,0.0064,0.0584,1857.8
2026-06-18 08:32,24,Schweiz,0.0141,0.0975,1981.1
2026-06-18 08:32,24,Senegal,0.0044,0.037,1904.2
2026-06-18 08:32,24,Spanien,0.1455,0.3549,2200.8
2026-06-18 08:32,24,Suedafrika,0.0,0.0004,1661.2
2026-06-18 08:32,24,Suedkorea,0.0042,0.0463,1897.7
2026-06-18 08:32,24,Tschechien,0.0014,0.0212,1842.0
2026-06-18 08:32,24,Tuerkei,0.0082,0.0515,1966.2
2026-06-18 08:32,24,Tunesien,0.0,0.0007,1721.6
2026-06-18 08:32,24,USA,0.0137,0.1082,1901.3
2026-06-18 08:32,24,Uruguay,0.0108,0.08,1951.4
2026-06-18 08:32,24,Usbekistan,0.0001,0.0039,1809.7
2026-06-20 12:28,28,Aegypten,0.0011,0.0261,1843.2
2026-06-20 12:28,28,Algerien,0.0037,0.0358,1935.4
2026-06-20 12:28,28,Argentinien,0.1404,0.372,2221.2
2026-06-20 12:28,28,Australien,0.0041,0.0465,1932.3
2026-06-20 12:28,28,Belgien,0.0358,0.1722,2016.8
2026-06-20 12:28,28,Bosnien-Herzegowina,0.0002,0.0062,1691.5
2026-06-20 12:28,28,Brasilien,0.0393,0.1628,2100.8
2026-06-20 12:28,28,Curacao,0.0,0.0,1571.1
2026-06-20 12:28,28,DR Kongo,0.0001,0.0061,1780.2
2026-06-20 12:28,28,Deutschland,0.0565,0.2142,2071.2
2026-06-20 12:28,28,Ecuador,0.0088,0.0652,2010.3
2026-06-20 12:28,28,Elfenbeinkueste,0.0049,0.054,1906.5
2026-06-20 12:28,28,England,0.0946,0.3016,2104.4
2026-06-20 12:28,28,Frankreich,0.1453,0.3671,2149.9
2026-06-20 12:28,28,Ghana,0.0001,0.0063,1662.9
2026-06-20 12:28,28,Haiti,0.0,0.0001,1684.5
2026-06-20 12:28,28,Irak,0.0,0.0001,1719.9
2026-06-20 12:28,28,Iran,0.0008,0.0118,1908.1
2026-06-20 12:28,28,Japan,0.0146,0.0882,2037.8
2026-06-20 12:28,28,Jordanien,0.0001,0.0004,1748.8
2026-06-20 12:28,28,Kanada,0.0076,0.0731,1922.4
2026-06-20 12:28,28,Kap Verde,0.0,0.0024,1686.3
2026-06-20 12:28,28,Katar,0.0,0.0006,1545.1
2026-06-20 12:28,28,Kolumbien,0.0307,0.1561,2093.6
2026-06-20 12:28,28,Kroatien,0.0143,0.0953,1970.5
2026-06-20 12:28,28,Marokko,0.0197,0.1051,2027.1
2026-06-20 12:28,28,Mexiko,0.018,0.1095,2012.0
2026-06-20 12:28,28,Neuseeland,0.0,0.0025,1697.9
2026-06-20 12:28,28,Niederlande,0.039,0.1627,2036.1
2026-06-20 12:28,28,Norwegen,0.0288,0.1585,2023.2
2026-06-20 12:28,28,Oesterreich,0.0101,0.082,1973.1
2026-06-20 12:28,28,Panama,0.0001,0.0012,1777.8
2026-06-20 12:28,28,Paraguay,0.0009,0.01,1887.5
2026-06-20 12:28,28,Portugal,0.063,0.2209,2073.5
2026-06-20 12:28,28,Saudi-Arabien,0.0001,0.0018,1705.2
2026-06-20 12:28,28,Schottland,0.0016,0.0285,1871.9
2026-06-20 12:28,28,Schweden,0.0048,0.0556,1857.8
2026-06-20 12:28,28,Schweiz,0.0239,0.1312,1992.8
2026-06-20 12:28,28,Senegal,0.0053,0.0369,1904.2
2026-06-20 12:28,28,Spanien,0.1448,0.3501,2200.8
2026-06-20 12:28,28,Suedafrika,0.0,0.0005,1670.8
2026-06-20 12:28,28,Suedkorea,0.0026,0.0357,1886.7
2026-06-20 12:28,28,Tschechien,0.0004,0.0083,1832.5
2026-06-20 12:28,28,Tuerkei,0.0063,0.048,1966.2
2026-06-20 12:28,28,Tunesien,0.0,0.0009,1721.6
2026-06-20 12:28,28,USA,0.0149,0.1067,1901.3
2026-06-20 12:28,28,Uruguay,0.0123,0.076,1951.4
2026-06-20 12:28,28,Usbekistan,0.0001,0.0033,1809.7
2026-06-20 12:51,32,Aegypten,0.0009,0.0217,1843.2
2026-06-20 12:51,32,Algerien,0.0036,0.0323,1935.4
2026-06-20 12:51,32,Argentinien,0.1403,0.3842,2221.2
2026-06-20 12:51,32,Australien,0.0025,0.0374,1906.8
2026-06-20 12:51,32,Belgien,0.0341,0.1669,2016.8
2026-06-20 12:51,32,Bosnien-Herzegowina,0.0001,0.0049,1691.5
2026-06-20 12:51,32,Brasilien,0.0406,0.1658,2106.6
2026-06-20 12:51,32,Curacao,0.0,0.0001,1571.1
2026-06-20 12:51,32,DR Kongo,0.0002,0.0055,1780.2
2026-06-20 12:51,32,Deutschland,0.0546,0.2106,2071.2
2026-06-20 12:51,32,Ecuador,0.0117,0.0668,2010.3
2026-06-20 12:51,32,Elfenbeinkueste,0.0046,0.0493,1906.5
2026-06-20 12:51,32,England,0.0965,0.3063,2104.4
2026-06-20 12:51,32,Frankreich,0.1462,0.3761,2149.9
2026-06-20 12:51,32,Ghana,0.0001,0.006,1662.9
2026-06-20 12:51,32,Haiti,0.0,0.0,1678.7
2026-06-20 12:51,32,Irak,0.0,0.0003,1719.9
2026-06-20 12:51,32,Iran,0.0006,0.0139,1908.1
2026-06-20 12:51,32,Japan,0.0113,0.0779,2037.8
2026-06-20 12:51,32,Jordanien,0.0001,0.0006,1748.8
2026-06-20 12:51,32,Kanada,0.0067,0.0726,1922.4
2026-06-20 12:51,32,Kap Verde,0.0,0.0019,1686.3
2026-06-20 12:51,32,Katar,0.0,0.0001,1545.1
2026-06-20 12:51,32,Kolumbien,0.0289,0.156,2093.6
2026-06-20 12:51,32,Kroatien,0.0165,0.0921,1970.5
2026-06-20 12:51,32,Marokko,0.025,0.1308,2038.7
2026-06-20 12:51,32,Mexiko,0.0187,0.1105,2012.0
2026-06-20 12:51,32,Neuseeland,0.0,0.0029,1697.9
2026-06-20 12:51,32,Niederlande,0.0408,0.1578,2036.1
2026-06-20 12:51,32,Norwegen,0.0323,0.1588,2023.2
2026-06-20 12:51,32,Oesterreich,0.0094,0.0772,1973.1
2026-06-20 12:51,32,Panama,0.0,0.0012,1777.8
2026-06-20 12:51,32,Paraguay,0.0024,0.0336,1912.0
2026-06-20 12:51,32,Portugal,0.0623,0.2152,2073.5
2026-06-20 12:51,32,Saudi-Arabien,0.0,0.0019,1705.2
2026-06-20 12:51,32,Schottland,0.0018,0.024,1860.3
2026-06-20 12:51,32,Schweden,0.0056,0.0527,1857.8
2026-06-20 12:51,32,Schweiz,0.0224,0.1345,1992.8
2026-06-20 12:51,32,Senegal,0.004,0.0364,1904.2
2026-06-20 12:51,32,Spanien,0.1383,0.3553,2200.8
2026-06-20 12:51,32,Suedafrika,0.0,0.0007,1670.8
2026-06-20 12:51,32,Suedkorea,0.0024,0.0384,1886.7
2026-06-20 12:51,32,Tschechien,0.0008,0.0072,1832.5
2026-06-20 12:51,32,Tuerkei,0.0,0.0,1941.7
2026-06-20 12:51,32,Tunesien,0.0,0.0008,1721.6
2026-06-20 12:51,32,USA,0.0207,0.13,1926.8
2026-06-20 12:51,32,Uruguay,0.0126,0.078,1951.4
2026-06-20 12:51,32,Usbekistan,0.0001,0.0027,1809.7
2026-06-21 10:51,36,Aegypten,0.0014,0.0254,1843.2
2026-06-21 10:51,36,Algerien,0.0026,0.03,1935.4
2026-06-21 10:51,36,Argentinien,0.1348,0.3803,2221.2
2026-06-21 10:51,36,Australien,0.0026,0.0421,1906.8
2026-06-21 10:51,36,Belgien,0.0333,0.1675,2016.8
2026-06-21 10:51,36,Bosnien-Herzegowina,0.0,0.0047,1691.5
2026-06-21 10:51,36,Brasilien,0.0413,0.1642,2106.6
2026-06-21 10:51,36,Curacao,0.0,0.0002,1588.1
2026-06-21 10:51,36,DR Kongo,0.0001,0.0058,1780.2
2026-06-21 10:51,36,Deutschland,0.0667,0.2349,2082.4
2026-06-21 10:51,36,Ecuador,0.0031,0.0183,1993.2
2026-06-21 10:51,36,Elfenbeinkueste,0.0038,0.0391,1895.3
2026-06-21 10:51,36,England,0.0945,0.313,2104.4
2026-06-21 10:51,36,Frankreich,0.1405,0.363,2149.9
2026-06-21 10:51,36,Ghana,0.0004,0.0076,1662.9
2026-06-21 10:51,36,Haiti,0.0,0.0,1678.7
2026-06-21 10:51,36,Irak,0.0,0.0002,1719.9
2026-06-21 10:51,36,Iran,0.0004,0.0143,1908.1
2026-06-21 10:51,36,Japan,0.0163,0.0957,2049.0
2026-06-21 10:51,36,Jordanien,0.0,0.0005,1748.8
2026-06-21 10:51,36,Kanada,0.0088,0.0685,1922.4
2026-06-21 10:51,36,Kap Verde,0.0,0.0027,1686.3
2026-06-21 10:51,36,Katar,0.0,0.0003,1545.1
2026-06-21 10:51,36,Kolumbien,0.0316,0.1585,2093.6
2026-06-21 10:51,36,Kroatien,0.0186,0.0972,1970.5
2026-06-21 10:51,36,Marokko,0.0205,0.1127,2038.7
2026-06-21 10:51,36,Mexiko,0.0182,0.1055,2012.0
2026-06-21 10:51,36,Neuseeland,0.0001,0.0026,1697.9
2026-06-21 10:51,36,Niederlande,0.0493,0.1825,2057.2
2026-06-21 10:51,36,Norwegen,0.0333,0.1669,2023.2
2026-06-21 10:51,36,Oesterreich,0.0104,0.0835,1973.1
2026-06-21 10:51,36,Panama,0.0,0.0022,1777.8
2026-06-21 10:51,36,Paraguay,0.0017,0.0296,1912.0
2026-06-21 10:51,36,Portugal,0.0581,0.221,2073.5
2026-06-21 10:51,36,Saudi-Arabien,0.0001,0.0022,1705.2
2026-06-21 10:51,36,Schottland,0.0014,0.0204,1860.3
2026-06-21 10:51,36,Schweden,0.0037,0.0429,1836.7
2026-06-21 10:51,36,Schweiz,0.0223,0.1302,1992.8
2026-06-21 10:51,36,Senegal,0.0049,0.0391,1904.2
2026-06-21 10:51,36,Spanien,0.1405,0.3586,2200.8
2026-06-21 10:51,36,Suedafrika,0.0,0.0008,1670.8
2026-06-21 10:51,36,Suedkorea,0.0026,0.0318,1886.7
2026-06-21 10:51,36,Tschechien,0.0004,0.0077,1832.5
2026-06-21 10:51,36,Tuerkei,0.0,0.0,1941.7
2026-06-21 10:51,36,Tunesien,0.0,0.0,1710.5
2026-06-21 10:51,36,USA,0.02,0.1386,1926.8
2026-06-21 10:51,36,Uruguay,0.0116,0.0834,1951.4
2026-06-21 10:51,36,Usbekistan,0.0001,0.0038,1809.7
2026-06-23 11:08,40,Aegypten,0.0021,0.0338,1860.3
2026-06-23 11:08,40,Algerien,0.0028,0.0331,1935.4
2026-06-23 11:08,40,Argentinien,0.1494,0.4125,2221.2
2026-06-23 11:08,40,Australien,0.0016,0.0308,1906.8
2026-06-23 11:08,40,Belgien,0.0324,0.1507,2010.7
2026-06-23 11:08,40,Bosnien-Herzegowina,0.0001,0.0056,1691.5
2026-06-23 11:08,40,Brasilien,0.042,0.1685,2106.6
2026-06-23 11:08,40,Curacao,0.0,0.0002,1588.1
2026-06-23 11:08,40,DR Kongo,0.0003,0.0053,1780.2
2026-06-23 11:08,40,Deutschland,0.06,0.2364,2082.4
2026-06-23 11:08,40,Ecuador,0.0027,0.0207,1993.2
2026-06-23 11:08,40,Elfenbeinkueste,0.0037,0.0413,1895.3
2026-06-23 11:08,40,England,0.0906,0.301,2104.4
2026-06-23 11:08,40,Frankreich,0.1335,0.3574,2149.9
2026-06-23 11:08,40,Ghana,0.0001,0.0063,1662.9
2026-06-23 11:08,40,Haiti,0.0,0.0,1678.7
2026-06-23 11:08,40,Irak,0.0,0.0001,1719.9
2026-06-23 11:08,40,Iran,0.0008,0.0146,1914.1
2026-06-23 11:08,40,Japan,0.0162,0.0993,2049.0
2026-06-23 11:08,40,Jordanien,0.0,0.0004,1748.8
2026-06-23 11:08,40,Kanada,0.0076,0.0694,1922.4
2026-06-23 11:08,40,Kap Verde,0.0,0.0037,1699.2
2026-06-23 11:08,40,Katar,0.0,0.0003,1545.1
2026-06-23 11:08,40,Kolumbien,0.029,0.1568,2093.6
2026-06-23 11:08,40,Kroatien,0.0169,0.0931,1970.5
2026-06-23 11:08,40,Marokko,0.0204,0.1133,2038.7
2026-06-23 11:08,40,Mexiko,0.0188,0.1091,2012.0
2026-06-23 11:08,40,Neuseeland,0.0,0.0005,1680.8
2026-06-23 11:08,40,Niederlande,0.0462,0.1838,2057.2
2026-06-23 11:08,40,Norwegen,0.0296,0.1618,2023.2
2026-06-23 11:08,40,Oesterreich,0.0087,0.081,1973.1
2026-06-23 11:08,40,Panama,0.0,0.0013,1777.8
2026-06-23 11:08,40,Paraguay,0.0018,0.0307,1912.0
2026-06-23 11:08,40,Portugal,0.063,0.2248,2073.5
2026-06-23 11:08,40,Saudi-Arabien,0.0001,0.0019,1700.9
2026-06-23 11:08,40,Schottland,0.0014,0.0221,1860.3
2026-06-23 11:08,40,Schweden,0.0043,0.043,1836.7
2026-06-23 11:08,40,Schweiz,0.0181,0.1213,1992.8
2026-06-23 11:08,40,Senegal,0.005,0.0432,1904.2
2026-06-23 11:08,40,Spanien,0.1586,0.3887,2205.2
2026-06-23 11:08,40,Suedafrika,0.0,0.0008,1670.8
2026-06-23 11:08,40,Suedkorea,0.0022,0.0336,1886.7
2026-06-23 11:08,40,Tschechien,0.0008,0.0094,1832.5
2026-06-23 11:08,40,Tuerkei,0.0,0.0,1941.7
2026-06-23 11:08,40,Tunesien,0.0,0.0,1710.5
2026-06-23 11:08,40,USA,0.023,0.1427,1926.8
2026-06-23 11:08,40,Uruguay,0.0058,0.0416,1938.5
2026-06-23 11:08,40,Usbekistan,0.0002,0.0039,1809.7
2026-06-23 09:16,44,Mexiko,0.0173,0.1112,2012.0
2026-06-23 09:16,44,Suedkorea,0.002,0.0315,1886.7
2026-06-23 09:16,44,Suedafrika,0.0,0.0005,1670.8
2026-06-23 09:16,44,Tschechien,0.0007,0.0072,1832.5
2026-06-23 09:16,44,Kanada,0.0074,0.0588,1922.4
2026-06-23 09:16,44,Schweiz,0.0206,0.124,1992.8
2026-06-23 09:16,44,Katar,0.0,0.0006,1545.1
2026-06-23 09:16,44,Bosnien-Herzegowina,0.0001,0.0058,1691.5
2026-06-23 09:16,44,Brasilien,0.0403,0.161,2106.6
2026-06-23 09:16,44,Marokko,0.0202,0.1107,2038.7
2026-06-23 09:16,44,Schottland,0.0018,0.0191,1860.3
2026-06-23 09:16,44,Haiti,0.0,0.0,1678.7
2026-06-23 09:16,44,USA,0.0208,0.1473,1926.8
2026-06-23 09:16,44,Paraguay,0.0028,0.0277,1912.0
2026-06-23 09:16,44,Australien,0.0025,0.0288,1906.8
2026-06-23 09:16,44,Tuerkei,0.0,0.0,1941.7
2026-06-23 09:16,44,Deutschland,0.0584,0.2293,2082.4
2026-06-23 09:16,44,Ecuador,0.0024,0.0224,1993.2
2026-06-23 09:16,44,Curacao,0.0,0.0002,1588.1
2026-06-23 09:16,44,Elfenbeinkueste,0.0037,0.0426,1895.3
2026-06-23 09:16,44,Niederlande,0.0443,0.181,2057.2
2026-06-23 09:16,44,Japan,0.0134,0.0968,2049.0
2026-06-23 09:16,44,Tunesien,0.0,0.0,1710.5
2026-06-23 09:16,44,Schweden,0.0041,0.0421,1836.7
2026-06-23 09:16,44,Belgien,0.0277,0.1395,2010.7
2026-06-23 09:16,44,Aegypten,0.0013,0.0307,1860.3
2026-06-23 09:16,44,Iran,0.0012,0.0158,1914.1
2026-06-23 09:16,44,Neuseeland,0.0001,0.0008,1680.8
2026-06-23 09:16,44,Spanien,0.1606,0.4041,2205.2
2026-06-23 09:16,44,Uruguay,0.0058,0.0455,1938.5
2026-06-23 09:16,44,Saudi-Arabien,0.0,0.0017,1700.9
2026-06-23 09:16,44,Kap Verde,0.0,0.0022,1699.2
2026-06-23 09:16,44,Frankreich,0.1394,0.3589,2155.3
2026-06-23 09:16,44,Norwegen,0.0328,0.1795,2036.6
2026-06-23 09:16,44,Senegal,0.0026,0.0345,1890.8
2026-06-23 09:16,44,Irak,0.0,0.0006,1714.5
2026-06-23 09:16,44,Argentinien,0.1633,0.4505,2232.1
2026-06-23 09:16,44,Oesterreich,0.0068,0.0574,1962.2
2026-06-23 09:16,44,Algerien,0.0048,0.0479,1945.6
2026-06-23 09:16,44,Jordanien,0.0,0.0,1738.6
2026-06-23 09:16,44,Portugal,0.0584,0.2118,2073.5
2026-06-23 09:16,44,Kolumbien,0.03,0.1577,2093.6
2026-06-23 09:16,44,Usbekistan,0.0002,0.0034,1809.7
2026-06-23 09:16,44,DR Kongo,0.0,0.0054,1780.2
2026-06-23 09:16,44,England,0.0872,0.3023,2104.4
2026-06-23 09:16,44,Kroatien,0.015,0.0927,1970.5
2026-06-23 09:16,44,Ghana,0.0,0.0076,1662.9
2026-06-23 09:16,44,Panama,0.0,0.0009,1777.8
2026-06-23 09:24,44,Mexiko,0.0175,0.1042,2012.0
2026-06-23 09:24,44,Suedkorea,0.0029,0.0314,1886.7
2026-06-23 09:24,44,Suedafrika,0.0,0.0002,1670.8
2026-06-23 09:24,44,Tschechien,0.0006,0.0081,1832.5
2026-06-23 09:24,44,Kanada,0.0066,0.0635,1922.4
2026-06-23 09:24,44,Schweiz,0.0194,0.1163,1992.8
2026-06-23 09:24,44,Katar,0.0,0.0007,1545.1
2026-06-23 09:24,44,Bosnien-Herzegowina,0.0001,0.0058,1691.5
2026-06-23 09:24,44,Brasilien,0.0405,0.1626,2106.6
2026-06-23 09:24,44,Marokko,0.0201,0.1057,2038.7
2026-06-23 09:24,44,Schottland,0.0024,0.0208,1860.3
2026-06-23 09:24,44,Haiti,0.0,0.0,1678.7
2026-06-23 09:24,44,USA,0.0222,0.1438,1926.8
2026-06-23 09:24,44,Paraguay,0.0013,0.0266,1912.0
2026-06-23 09:24,44,Australien,0.0017,0.0247,1906.8
2026-06-23 09:24,44,Tuerkei,0.0,0.0,1941.7
2026-06-23 09:24,44,Deutschland,0.0593,0.2349,2082.4
2026-06-23 09:24,44,Ecuador,0.0025,0.0218,1993.2
2026-06-23 09:24,44,Curacao,0.0,0.0001,1588.1
2026-06-23 09:24,44,Elfenbeinkueste,0.0039,0.0404,1895.3
2026-06-23 09:24,44,Niederlande,0.0466,0.1809,2057.2
2026-06-23 09:24,44,Japan,0.0155,0.0946,2049.0
2026-06-23 09:24,44,Tunesien,0.0,0.0,1710.5
2026-06-23 09:24,44,Schweden,0.0029,0.044,1836.7
2026-06-23 09:24,44,Belgien,0.025,0.1405,2010.7
2026-06-23 09:24,44,Aegypten,0.0022,0.0345,1860.3
2026-06-23 09:24,44,Iran,0.0006,0.0158,1914.1
2026-06-23 09:24,44,Neuseeland,0.0,0.0007,1680.8
2026-06-23 09:24,44,Spanien,0.161,0.4104,2205.2
2026-06-23 09:24,44,Uruguay,0.0061,0.0443,1938.5
2026-06-23 09:24,44,Saudi-Arabien,0.0,0.0024,1700.9
2026-06-23 09:24,44,Kap Verde,0.0,0.0036,1699.2
2026-06-23 09:24,44,Frankreich,0.136,0.362,2155.3
2026-06-23 09:24,44,Norwegen,0.0331,0.1818,2036.6
2026-06-23 09:24,44,Senegal,0.0031,0.0359,1890.8
2026-06-23 09:24,44,Irak,0.0,0.0006,1714.5
2026-06-23 09:24,44,Argentinien,0.1623,0.4511,2232.1
2026-06-23 09:24,44,Oesterreich,0.0071,0.0631,1962.2
2026-06-23 09:24,44,Algerien,0.0052,0.0468,1945.6
2026-06-23 09:24,44,Jordanien,0.0,0.0,1738.6
2026-06-23 09:24,44,Portugal,0.0587,0.2144,2073.5
2026-06-23 09:24,44,Kolumbien,0.029,0.1499,2093.6
2026-06-23 09:24,44,Usbekistan,0.0002,0.0036,1809.7
2026-06-23 09:24,44,DR Kongo,0.0003,0.0063,1780.2
2026-06-23 09:24,44,England,0.0902,0.303,2104.4
2026-06-23 09:24,44,Kroatien,0.0132,0.0911,1970.5
2026-06-23 09:24,44,Ghana,0.0007,0.0062,1662.9
2026-06-23 09:24,44,Panama,0.0,0.0009,1777.8
2026-06-23 10:46,44,Mexiko,0.0184,0.1063,2012.0
2026-06-23 10:46,44,Suedkorea,0.0025,0.034,1886.7
2026-06-23 10:46,44,Suedafrika,0.0,0.0006,1670.8
2026-06-23 10:46,44,Tschechien,0.0004,0.0089,1832.5
2026-06-23 10:46,44,Kanada,0.0064,0.0617,1922.4
2026-06-23 10:46,44,Schweiz,0.0181,0.1089,1992.8
2026-06-23 10:46,44,Katar,0.0,0.0005,1545.1
2026-06-23 10:46,44,Bosnien-Herzegowina,0.0001,0.0067,1691.5
2026-06-23 10:46,44,Brasilien,0.0363,0.1621,2106.6
2026-06-23 10:46,44,Marokko,0.0222,0.1142,2038.7
2026-06-23 10:46,44,Schottland,0.0013,0.0205,1860.3
2026-06-23 10:46,44,Haiti,0.0,0.0,1678.7
2026-06-23 10:46,44,USA,0.0216,0.1473,1926.8
2026-06-23 10:46,44,Paraguay,0.0018,0.0266,1912.0
2026-06-23 10:46,44,Australien,0.0028,0.0293,1906.8
2026-06-23 10:46,44,Tuerkei,0.0,0.0,1941.7
2026-06-23 10:46,44,Deutschland,0.0619,0.2283,2082.4
2026-06-23 10:46,44,Ecuador,0.0036,0.021,1993.2
2026-06-23 10:46,44,Curacao,0.0,0.0001,1588.1
2026-06-23 10:46,44,Elfenbeinkueste,0.0028,0.0386,1895.3
2026-06-23 10:46,44,Niederlande,0.0431,0.1851,2057.2
2026-06-23 10:46,44,Japan,0.0143,0.0961,2049.0
2026-06-23 10:46,44,Tunesien,0.0,0.0,1710.5
2026-06-23 10:46,44,Schweden,0.0027,0.0413,1836.7
2026-06-23 10:46,44,Belgien,0.029,0.1465,2010.7
2026-06-23 10:46,44,Aegypten,0.002,0.0374,1860.3
2026-06-23 10:46,44,Iran,0.0004,0.0152,1914.1
2026-06-23 10:46,44,Neuseeland,0.0,0.001,1680.8
2026-06-23 10:46,44,Spanien,0.1575,0.3969,2205.2
2026-06-23 10:46,44,Uruguay,0.0053,0.0379,1938.5
2026-06-23 10:46,44,Saudi-Arabien,0.0,0.0023,1700.9
2026-06-23 10:46,44,Kap Verde,0.0001,0.0042,1699.2
2026-06-23 10:46,44,Frankreich,0.1366,0.3626,2155.3
2026-06-23 10:46,44,Norwegen,0.0303,0.1725,2036.6
2026-06-23 10:46,44,Senegal,0.0026,0.0318,1890.8
2026-06-23 10:46,44,Irak,0.0,0.0002,1714.5
2026-06-23 10:46,44,Argentinien,0.1641,0.4524,2232.1
2026-06-23 10:46,44,Oesterreich,0.0052,0.0612,1962.2
2026-06-23 10:46,44,Algerien,0.0044,0.0523,1945.6
2026-06-23 10:46,44,Jordanien,0.0,0.0,1738.6
2026-06-23 10:46,44,Portugal,0.0584,0.2133,2073.5
2026-06-23 10:46,44,Kolumbien,0.0316,0.1481,2093.6
2026-06-23 10:46,44,Usbekistan,0.0,0.0039,1809.7
2026-06-23 10:46,44,DR Kongo,0.0004,0.0064,1780.2
2026-06-23 10:46,44,England,0.0962,0.3136,2104.4
2026-06-23 10:46,44,Kroatien,0.0154,0.0942,1970.5
2026-06-23 10:46,44,Ghana,0.0002,0.0063,1662.9
2026-06-23 10:46,44,Panama,0.0,0.0017,1777.8
2026-06-23 16:23,44,Mexiko,0.016,0.1096,2012.0
2026-06-23 16:23,44,Suedkorea,0.0034,0.0321,1886.7
2026-06-23 16:23,44,Suedafrika,0.0,0.0005,1670.8
2026-06-23 16:23,44,Tschechien,0.0004,0.0073,1832.5
2026-06-23 16:23,44,Kanada,0.0075,0.0655,1922.4
2026-06-23 16:23,44,Schweiz,0.0215,0.1174,1992.8
2026-06-23 16:23,44,Katar,0.0,0.0004,1545.1
2026-06-23 16:23,44,Bosnien-Herzegowina,0.0002,0.0057,1691.5
2026-06-23 16:23,44,Brasilien,0.0406,0.1626,2106.6
2026-06-23 16:23,44,Marokko,0.0203,0.1116,2038.7
2026-06-23 16:23,44,Schottland,0.0013,0.0215,1860.3
2026-06-23 16:23,44,Haiti,0.0,0.0,1678.7
2026-06-23 16:23,44,USA,0.0226,0.1464,1926.8
2026-06-23 16:23,44,Paraguay,0.0019,0.0262,1912.0
2026-06-23 16:23,44,Australien,0.0023,0.0286,1906.8
2026-06-23 16:23,44,Tuerkei,0.0,0.0,1941.7
2026-06-23 16:23,44,Deutschland,0.0622,0.2323,2082.4
2026-06-23 16:23,44,Ecuador,0.0029,0.0205,1993.2
2026-06-23 16:23,44,Curacao,0.0,0.0002,1588.1
2026-06-23 16:23,44,Elfenbeinkueste,0.0035,0.0364,1895.3
2026-06-23 16:23,44,Niederlande,0.0434,0.1788,2057.2
2026-06-23 16:23,44,Japan,0.0146,0.0913,2049.0
2026-06-23 16:23,44,Tunesien,0.0,0.0,1710.5
2026-06-23 16:23,44,Schweden,0.0033,0.0421,1836.7
2026-06-23 16:23,44,Belgien,0.0248,0.1338,2010.7
2026-06-23 16:23,44,Aegypten,0.0017,0.0323,1860.3
2026-06-23 16:23,44,Iran,0.0013,0.0158,1914.1
2026-06-23 16:23,44,Neuseeland,0.0,0.0006,1680.8
2026-06-23 16:23,44,Spanien,0.1546,0.4056,2205.2
2026-06-23 16:23,44,Uruguay,0.0062,0.0398,1938.5
2026-06-23 16:23,44,Saudi-Arabien,0.0,0.0017,1700.9
2026-06-23 16:23,44,Kap Verde,0.0002,0.0035,1699.2
2026-06-23 16:23,44,Frankreich,0.135,0.358,2155.3
2026-06-23 16:23,44,Norwegen,0.0327,0.1734,2036.6
2026-06-23 16:23,44,Senegal,0.0028,0.0356,1890.8
2026-06-23 16:23,44,Irak,0.0,0.0003,1714.5
2026-06-23 16:23,44,Argentinien,0.1643,0.4522,2232.1
2026-06-23 16:23,44,Oesterreich,0.0074,0.0663,1962.2
2026-06-23 16:23,44,Algerien,0.0045,0.0469,1945.6
2026-06-23 16:23,44,Jordanien,0.0,0.0,1738.6
2026-06-23 16:23,44,Portugal,0.0609,0.2194,2073.5
2026-06-23 16:23,44,Kolumbien,0.0261,0.157,2093.6
2026-06-23 16:23,44,Usbekistan,0.0002,0.0038,1809.7
2026-06-23 16:23,44,DR Kongo,0.0001,0.0058,1780.2
2026-06-23 16:23,44,England,0.0948,0.3089,2104.4
2026-06-23 16:23,44,Kroatien,0.0145,0.0938,1970.5
2026-06-23 16:23,44,Ghana,0.0,0.0068,1662.9
2026-06-23 16:23,44,Panama,0.0,0.0017,1777.8
2026-06-24 06:37,48,Mexiko,0.0153,0.1171,2012.0
2026-06-24 06:37,48,Suedkorea,0.0025,0.0328,1886.7
2026-06-24 06:37,48,Suedafrika,0.0,0.0009,1670.8
2026-06-24 06:37,48,Tschechien,0.0005,0.0069,1832.5
2026-06-24 06:37,48,Kanada,0.0052,0.0595,1922.4
2026-06-24 06:37,48,Schweiz,0.0205,0.1143,1992.8
2026-06-24 06:37,48,Katar,0.0,0.0,1545.1
2026-06-24 06:37,48,Bosnien-Herzegowina,0.0001,0.0046,1691.5
2026-06-24 06:37,48,Brasilien,0.0409,0.1666,2106.6
2026-06-24 06:37,48,Marokko,0.0236,0.119,2038.7
2026-06-24 06:37,48,Schottland,0.0011,0.025,1860.3
2026-06-24 06:37,48,Haiti,0.0,0.0,1678.7
2026-06-24 06:37,48,USA,0.0216,0.1479,1926.8
2026-06-24 06:37,48,Paraguay,0.0025,0.0217,1912.0
2026-06-24 06:37,48,Australien,0.0014,0.0268,1906.8
2026-06-24 06:37,48,Tuerkei,0.0,0.0,1941.7
2026-06-24 06:37,48,Deutschland,0.0596,0.2282,2082.4
2026-06-24 06:37,48,Ecuador,0.002,0.0168,1993.2
2026-06-24 06:37,48,Curacao,0.0,0.0002,1588.1
2026-06-24 06:37,48,Elfenbeinkueste,0.004,0.0375,1895.3
2026-06-24 06:37,48,Niederlande,0.0456,0.1798,2057.2
2026-06-24 06:37,48,Japan,0.0147,0.0949,2049.0
2026-06-24 06:37,48,Tunesien,0.0,0.0,1710.5
2026-06-24 06:37,48,Schweden,0.0032,0.0416,1836.7
2026-06-24 06:37,48,Belgien,0.0294,0.1375,2010.7
2026-06-24 06:37,48,Aegypten,0.0024,0.0298,1860.3
2026-06-24 06:37,48,Iran,0.0008,0.0136,1914.1
2026-06-24 06:37,48,Neuseeland,0.0001,0.0006,1680.8
2026-06-24 06:37,48,Spanien,0.1471,0.3818,2205.2
2026-06-24 06:37,48,Uruguay,0.0053,0.0384,1938.5
2026-06-24 06:37,48,Saudi-Arabien,0.0001,0.0012,1700.9
2026-06-24 06:37,48,Kap Verde,0.0,0.0033,1699.2
2026-06-24 06:37,48,Frankreich,0.1361,0.3637,2155.3
2026-06-24 06:37,48,Norwegen,0.0346,0.1778,2036.6
2026-06-24 06:37,48,Senegal,0.0028,0.0352,1890.8
2026-06-24 06:37,48,Irak,0.0,0.0001,1714.5
2026-06-24 06:37,48,Argentinien,0.1643,0.4536,2232.1
2026-06-24 06:37,48,Oesterreich,0.0078,0.0597,1962.2
2026-06-24 06:37,48,Algerien,0.0051,0.0449,1945.6
2026-06-24 06:37,48,Jordanien,0.0,0.0,1738.6
2026-06-24 06:37,48,Portugal,0.0696,0.2463,2089.5
2026-06-24 06:37,48,Kolumbien,0.0286,0.1604,2099.3
2026-06-24 06:37,48,Usbekistan,0.0,0.0013,1793.6
2026-06-24 06:37,48,DR Kongo,0.0004,0.0035,1774.6
2026-06-24 06:37,48,England,0.0836,0.2933,2087.3
2026-06-24 06:37,48,Kroatien,0.0174,0.1043,1980.4
2026-06-24 06:37,48,Ghana,0.0002,0.0076,1680.0
2026-06-24 06:37,48,Panama,0.0,0.0,1767.9
2026-06-25 09:22,54,Mexiko,0.0184,0.1214,2025.6
2026-06-25 09:22,54,Suedkorea,0.0019,0.0338,1855.7
2026-06-25 09:22,54,Suedafrika,0.0002,0.0056,1701.8
2026-06-25 09:22,54,Tschechien,0.0,0.0,1818.9
2026-06-25 09:22,54,Kanada,0.0075,0.0765,1902.7
2026-06-25 09:22,54,Schweiz,0.0198,0.1158,2012.5
2026-06-25 09:22,54,Katar,0.0,0.0,1528.1
2026-06-25 09:22,54,Bosnien-Herzegowina,0.0005,0.0124,1708.5
2026-06-25 09:22,54,Brasilien,0.0404,0.1764,2120.1
2026-06-25 09:22,54,Marokko,0.0231,0.1243,2045.0
2026-06-25 09:22,54,Schottland,0.0005,0.0094,1846.8
2026-06-25 09:22,54,Haiti,0.0,0.0,1672.4
2026-06-25 09:22,54,USA,0.024,0.1547,1926.8
2026-06-25 09:22,54,Paraguay,0.0015,0.0241,1912.0
2026-06-25 09:22,54,Australien,0.0016,0.0261,1906.8
2026-06-25 09:22,54,Tuerkei,0.0,0.0,1941.7
2026-06-25 09:22,54,Deutschland,0.0554,0.2305,2082.4
2026-06-25 09:22,54,Ecuador,0.0021,0.0174,1993.2
2026-06-25 09:22,54,Curacao,0.0,0.0,1588.1
2026-06-25 09:22,54,Elfenbeinkueste,0.0031,0.0368,1895.3
2026-06-25 09:22,54,Niederlande,0.0458,0.1916,2057.2
2026-06-25 09:22,54,Japan,0.016,0.0974,2049.0
2026-06-25 09:22,54,Tunesien,0.0,0.0,1710.5
2026-06-25 09:22,54,Schweden,0.0036,0.0377,1836.7
2026-06-25 09:22,54,Belgien,0.025,0.1325,2010.7
2026-06-25 09:22,54,Aegypten,0.0018,0.0287,1860.3
2026-06-25 09:22,54,Iran,0.0009,0.014,1914.1
2026-06-25 09:22,54,Neuseeland,0.0001,0.0008,1680.8
2026-06-25 09:22,54,Spanien,0.155,0.3852,2205.2
2026-06-25 09:22,54,Uruguay,0.0034,0.0332,1938.5
2026-06-25 09:22,54,Saudi-Arabien,0.0,0.0009,1700.9
2026-06-25 09:22,54,Kap Verde,0.0,0.0036,1699.2
2026-06-25 09:22,54,Frankreich,0.1395,0.3741,2155.3
2026-06-25 09:22,54,Norwegen,0.0314,0.1708,2036.6
2026-06-25 09:22,54,Senegal,0.0023,0.0281,1890.8
2026-06-25 09:22,54,Irak,0.0,0.0,1714.5
2026-06-25 09:22,54,Argentinien,0.1688,0.4426,2232.1
2026-06-25 09:22,54,Oesterreich,0.0068,0.0564,1962.2
2026-06-25 09:22,54,Algerien,0.0037,0.0375,1945.6
2026-06-25 09:22,54,Jordanien,0.0,0.0,1738.6
2026-06-25 09:22,54,Portugal,0.0728,0.2499,2089.5
2026-06-25 09:22,54,Kolumbien,0.0294,0.1488,2099.3
2026-06-25 09:22,54,Usbekistan,0.0,0.0004,1793.6
2026-06-25 09:22,54,DR Kongo,0.0002,0.0039,1774.6
2026-06-25 09:22,54,England,0.0784,0.287,2087.3
2026-06-25 09:22,54,Kroatien,0.015,0.1015,1980.4
2026-06-25 09:22,54,Ghana,0.0001,0.0082,1680.0
2026-06-25 09:22,54,Panama,0.0,0.0,1767.9
2026-06-26 10:33,60,Mexiko,0.0186,0.1162,2025.6
2026-06-26 10:33,60,Suedkorea,0.0014,0.026,1855.7
2026-06-26 10:33,60,Suedafrika,0.0,0.0035,1701.8
2026-06-26 10:33,60,Tschechien,0.0,0.0,1818.9
2026-06-26 10:33,60,Kanada,0.006,0.0706,1902.7
2026-06-26 10:33,60,Schweiz,0.0244,0.126,2012.5
2026-06-26 10:33,60,Katar,0.0,0.0,1528.1
2026-06-26 10:33,60,Bosnien-Herzegowina,0.0005,0.0101,1708.5
2026-06-26 10:33,60,Brasilien,0.0414,0.1908,2120.1
2026-06-26 10:33,60,Marokko,0.0243,0.1286,2045.0
2026-06-26 10:33,60,Schottland,0.0001,0.0018,1846.8
2026-06-26 10:33,60,Haiti,0.0,0.0,1672.4
2026-06-26 10:33,60,USA,0.0205,0.1349,1904.0
2026-06-26 10:33,60,Paraguay,0.0021,0.0266,1911.7
2026-06-26 10:33,60,Australien,0.002,0.0315,1907.1
2026-06-26 10:33,60,Tuerkei,0.0,0.0,1964.6
2026-06-26 10:33,60,Deutschland,0.0498,0.2239,2057.4
2026-06-26 10:33,60,Ecuador,0.0132,0.0847,2018.2
2026-06-26 10:33,60,Curacao,0.0,0.0,1579.9
2026-06-26 10:33,60,Elfenbeinkueste,0.0033,0.0413,1903.5
2026-06-26 10:33,60,Niederlande,0.0518,0.2049,2064.0
2026-06-26 10:33,60,Japan,0.0105,0.0722,2038.1
2026-06-26 10:33,60,Tunesien,0.0,0.0,1703.7
2026-06-26 10:33,60,Schweden,0.0044,0.0449,1847.6
2026-06-26 10:33,60,Belgien,0.0282,0.1338,2010.7
2026-06-26 10:33,60,Aegypten,0.0015,0.0321,1860.3
2026-06-26 10:33,60,Iran,0.0001,0.013,1914.1
2026-06-26 10:33,60,Neuseeland,0.0,0.0008,1680.8
2026-06-26 10:33,60,Spanien,0.1525,0.3903,2205.2
2026-06-26 10:33,60,Uruguay,0.0048,0.0346,1938.5
2026-06-26 10:33,60,Saudi-Arabien,0.0,0.0012,1700.9
2026-06-26 10:33,60,Kap Verde,0.0001,0.0032,1699.2
2026-06-26 10:33,60,Frankreich,0.147,0.3617,2155.3
2026-06-26 10:33,60,Norwegen,0.0313,0.1698,2036.6
2026-06-26 10:33,60,Senegal,0.0027,0.0271,1890.8
2026-06-26 10:33,60,Irak,0.0,0.0,1714.5
2026-06-26 10:33,60,Argentinien,0.1614,0.4377,2232.1
2026-06-26 10:33,60,Oesterreich,0.0077,0.0522,1962.2
2026-06-26 10:33,60,Algerien,0.0049,0.0362,1945.6
2026-06-26 10:33,60,Jordanien,0.0,0.0,1738.6
2026-06-26 10:33,60,Portugal,0.0689,0.2457,2089.5
2026-06-26 10:33,60,Kolumbien,0.0282,0.1516,2099.3
2026-06-26 10:33,60,Usbekistan,0.0,0.0,1793.6
2026-06-26 10:33,60,DR Kongo,0.0001,0.0029,1774.6
2026-06-26 10:33,60,England,0.0701,0.2659,2087.3
2026-06-26 10:33,60,Kroatien,0.016,0.0953,1980.4
2026-06-26 10:33,60,Ghana,0.0002,0.0064,1680.0
2026-06-26 10:33,60,Panama,0.0,0.0,1767.9
2026-06-28 10:10,72,Mexiko,0.0155,0.1051,2025.6
2026-06-28 10:10,72,Suedkorea,0.0,0.0,1855.7
2026-06-28 10:10,72,Suedafrika,0.0004,0.0045,1701.8
2026-06-28 10:10,72,Tschechien,0.0,0.0,1818.9
2026-06-28 10:10,72,Kanada,0.0062,0.0627,1902.7
2026-06-28 10:10,72,Schweiz,0.0262,0.1483,2012.5
2026-06-28 10:10,72,Katar,0.0,0.0,1528.1
2026-06-28 10:10,72,Bosnien-Herzegowina,0.0002,0.0063,1708.5
2026-06-28 10:10,72,Brasilien,0.0423,0.1878,2120.1
2026-06-28 10:10,72,Marokko,0.0225,0.1166,2045.0
2026-06-28 10:10,72,Schottland,0.0,0.0,1846.8
2026-06-28 10:10,72,Haiti,0.0,0.0,1672.4
2026-06-28 10:10,72,USA,0.0119,0.091,1904.0
2026-06-28 10:10,72,Paraguay,0.0025,0.024,1911.7
2026-06-28 10:10,72,Australien,0.0034,0.046,1907.1
2026-06-28 10:10,72,Tuerkei,0.0,0.0,1964.6
2026-06-28 10:10,72,Deutschland,0.0466,0.1945,2057.4
2026-06-28 10:10,72,Ecuador,0.0113,0.0877,2018.2
2026-06-28 10:10,72,Curacao,0.0,0.0,1579.9
2026-06-28 10:10,72,Elfenbeinkueste,0.0039,0.0426,1903.5
2026-06-28 10:10,72,Niederlande,0.0453,0.1931,2064.0
2026-06-28 10:10,72,Japan,0.0125,0.0835,2038.1
2026-06-28 10:10,72,Tunesien,0.0,0.0,1703.7
2026-06-28 10:10,72,Schweden,0.0039,0.0467,1847.6
2026-06-28 10:10,72,Belgien,0.0324,0.154,2021.1
2026-06-28 10:10,72,Aegypten,0.0014,0.0329,1863.3
2026-06-28 10:10,72,Iran,0.0,0.0,1911.0
2026-06-28 10:10,72,Neuseeland,0.0,0.0,1670.4
2026-06-28 10:10,72,Spanien,0.1359,0.3588,2212.3
2026-06-28 10:10,72,Uruguay,0.0,0.0,1931.4
2026-06-28 10:10,72,Saudi-Arabien,0.0,0.0,1700.8
2026-06-28 10:10,72,Kap Verde,0.0001,0.0061,1699.3
2026-06-28 10:10,72,Frankreich,0.1531,0.3983,2178.6
2026-06-28 10:10,72,Norwegen,0.0244,0.1439,2013.3
2026-06-28 10:10,72,Senegal,0.0051,0.0496,1914.6
2026-06-28 10:10,72,Irak,0.0,0.0,1690.7
2026-06-28 10:10,72,Argentinien,0.191,0.5246,2235.2
2026-06-28 10:10,72,Oesterreich,0.0045,0.0386,1961.2
2026-06-28 10:10,72,Algerien,0.004,0.0475,1946.5
2026-06-28 10:10,72,Jordanien,0.0,0.0,1735.5
2026-06-28 10:10,72,Portugal,0.0494,0.1828,2090.1
2026-06-28 10:10,72,Kolumbien,0.0353,0.1869,2098.7
2026-06-28 10:10,72,Usbekistan,0.0,0.0,1763.8
2026-06-28 10:10,72,DR Kongo,0.0003,0.0075,1804.4
2026-06-28 10:10,72,England,0.0961,0.3419,2095.1
2026-06-28 10:10,72,Kroatien,0.0124,0.0777,1986.5
2026-06-28 10:10,72,Ghana,0.0,0.0085,1674.0
2026-06-28 10:10,72,Panama,0.0,0.0,1760.1
2026-06-29 12:14,73,Mexiko,0.0156,0.1043,2025.6
2026-06-29 12:14,73,Suedkorea,0.0,0.0,1855.7
2026-06-29 12:14,73,Suedafrika,0.0,0.0,1692.3
2026-06-29 12:14,73,Tschechien,0.0,0.0,1818.9
2026-06-29 12:14,73,Kanada,0.0074,0.0863,1912.3
2026-06-29 12:14,73,Schweiz,0.0256,0.1388,2012.5
2026-06-29 12:14,73,Katar,0.0,0.0,1528.1
2026-06-29 12:14,73,Bosnien-Herzegowina,0.0001,0.0068,1708.5
2026-06-29 12:14,73,Brasilien,0.0399,0.1842,2120.1
2026-06-29 12:14,73,Marokko,0.0175,0.0989,2045.0
2026-06-29 12:14,73,Schottland,0.0,0.0,1846.8
2026-06-29 12:14,73,Haiti,0.0,0.0,1672.4
2026-06-29 12:14,73,USA,0.0124,0.0875,1904.0
2026-06-29 12:14,73,Paraguay,0.0014,0.0201,1911.7
2026-06-29 12:14,73,Australien,0.0041,0.0477,1907.1
2026-06-29 12:14,73,Tuerkei,0.0,0.0,1964.6
2026-06-29 12:14,73,Deutschland,0.0511,0.2098,2057.4
2026-06-29 12:14,73,Ecuador,0.0103,0.0849,2018.2
2026-06-29 12:14,73,Curacao,0.0,0.0,1579.9
2026-06-29 12:14,73,Elfenbeinkueste,0.0026,0.0446,1903.5
2026-06-29 12:14,73,Niederlande,0.0467,0.1854,2064.0
2026-06-29 12:14,73,Japan,0.0113,0.0862,2038.1
2026-06-29 12:14,73,Tunesien,0.0,0.0,1703.7
2026-06-29 12:14,73,Schweden,0.0045,0.0488,1847.6
2026-06-29 12:14,73,Belgien,0.0327,0.161,2021.1
2026-06-29 12:14,73,Aegypten,0.002,0.0331,1863.3
2026-06-29 12:14,73,Iran,0.0,0.0,1911.0
2026-06-29 12:14,73,Neuseeland,0.0,0.0,1670.4
2026-06-29 12:14,73,Spanien,0.1324,0.3603,2212.3
2026-06-29 12:14,73,Uruguay,0.0,0.0,1931.4
2026-06-29 12:14,73,Saudi-Arabien,0.0,0.0,1700.8
2026-06-29 12:14,73,Kap Verde,0.0001,0.0054,1699.3
2026-06-29 12:14,73,Frankreich,0.1517,0.3927,2178.6
2026-06-29 12:14,73,Norwegen,0.0247,0.1392,2013.3
2026-06-29 12:14,73,Senegal,0.0051,0.0506,1914.6
2026-06-29 12:14,73,Irak,0.0,0.0,1690.7
2026-06-29 12:14,73,Argentinien,0.1957,0.533,2235.2
2026-06-29 12:14,73,Oesterreich,0.0049,0.0388,1961.2
2026-06-29 12:14,73,Algerien,0.0036,0.0438,1946.5
2026-06-29 12:14,73,Jordanien,0.0,0.0,1735.5
2026-06-29 12:14,73,Portugal,0.0488,0.1874,2090.1
2026-06-29 12:14,73,Kolumbien,0.036,0.1847,2098.7
2026-06-29 12:14,73,Usbekistan,0.0,0.0,1763.8
2026-06-29 12:14,73,DR Kongo,0.0003,0.011,1804.4
2026-06-29 12:14,73,England,0.1003,0.3456,2095.1
2026-06-29 12:14,73,Kroatien,0.0107,0.0706,1986.5
2026-06-29 12:14,73,Ghana,0.0005,0.0085,1674.0
2026-06-29 12:14,73,Panama,0.0,0.0,1760.1
2026-06-30 10:41,76,Mexiko,0.0152,0.0962,2025.6
2026-06-30 10:41,76,Suedkorea,0.0,0.0,1855.7
2026-06-30 10:41,76,Suedafrika,0.0,0.0,1692.3
2026-06-30 10:41,76,Tschechien,0.0,0.0,1818.9
2026-06-30 10:41,76,Kanada,0.0104,0.1117,1912.3
2026-06-30 10:41,76,Schweiz,0.0229,0.1371,2012.5
2026-06-30 10:41,76,Katar,0.0,0.0,1528.1
2026-06-30 10:41,76,Bosnien-Herzegowina,0.0004,0.0073,1708.5
2026-06-30 10:41,76,Brasilien,0.0838,0.3292,2135.4
2026-06-30 10:41,76,Marokko,0.0515,0.2617,2046.1
2026-06-30 10:41,76,Schottland,0.0,0.0,1846.8
2026-06-30 10:41,76,Haiti,0.0,0.0,1672.4
2026-06-30 10:41,76,USA,0.012,0.0853,1904.0
2026-06-30 10:41,76,Paraguay,0.0049,0.0679,1919.6
2026-06-30 10:41,76,Australien,0.0023,0.0433,1907.1
2026-06-30 10:41,76,Tuerkei,0.0,0.0,1964.6
2026-06-30 10:41,76,Deutschland,0.0314,0.1476,2049.4
2026-06-30 10:41,76,Ecuador,0.0102,0.0757,2018.2
2026-06-30 10:41,76,Curacao,0.0,0.0,1579.9
2026-06-30 10:41,76,Elfenbeinkueste,0.0035,0.0358,1903.5
2026-06-30 10:41,76,Niederlande,0.0,0.0,2062.9
2026-06-30 10:41,76,Japan,0.0,0.0,2022.7
2026-06-30 10:41,76,Tunesien,0.0,0.0,1703.7
2026-06-30 10:41,76,Schweden,0.0049,0.0501,1847.6
2026-06-30 10:41,76,Belgien,0.0343,0.1612,2021.1
2026-06-30 10:41,76,Aegypten,0.002,0.0337,1863.3
2026-06-30 10:41,76,Iran,0.0,0.0,1911.0
2026-06-30 10:41,76,Neuseeland,0.0,0.0,1670.4
2026-06-30 10:41,76,Spanien,0.1419,0.3586,2212.3
2026-06-30 10:41,76,Uruguay,0.0,0.0,1931.4
2026-06-30 10:41,76,Saudi-Arabien,0.0,0.0,1700.8
2026-06-30 10:41,76,Kap Verde,0.0002,0.0059,1699.3
2026-06-30 10:41,76,Frankreich,0.1554,0.4038,2178.6
2026-06-30 10:41,76,Norwegen,0.0213,0.1256,2013.3
2026-06-30 10:41,76,Senegal,0.0049,0.0515,1914.6
2026-06-30 10:41,76,Irak,0.0,0.0,1690.7
2026-06-30 10:41,76,Argentinien,0.1884,0.5313,2235.2
2026-06-30 10:41,76,Oesterreich,0.0049,0.0377,1961.2
2026-06-30 10:41,76,Algerien,0.0042,0.0481,1946.5
2026-06-30 10:41,76,Jordanien,0.0,0.0,1735.5
2026-06-30 10:41,76,Portugal,0.0486,0.1827,2090.1
2026-06-30 10:41,76,Kolumbien,0.0343,0.1884,2098.7
2026-06-30 10:41,76,Usbekistan,0.0,0.0,1763.8
2026-06-30 10:41,76,DR Kongo,0.0005,0.0101,1804.4
2026-06-30 10:41,76,England,0.0935,0.3274,2095.1
2026-06-30 10:41,76,Kroatien,0.0118,0.0749,1986.5
2026-06-30 10:41,76,Ghana,0.0004,0.0102,1674.0
2026-06-30 10:41,76,Panama,0.0,0.0,1760.1
2026-07-01 10:52,79,Mexiko,0.035,0.1966,2048.1
2026-07-01 10:52,79,Suedkorea,0.0,0.0,1855.7
2026-07-01 10:52,79,Suedafrika,0.0,0.0,1692.3
2026-07-01 10:52,79,Tschechien,0.0,0.0,1818.9
2026-07-01 10:52,79,Kanada,0.0096,0.1098,1912.3
2026-07-01 10:52,79,Schweiz,0.0254,0.1437,2012.5
2026-07-01 10:52,79,Katar,0.0,0.0,1528.1
2026-07-01 10:52,79,Bosnien-Herzegowina,0.0004,0.0073,1708.5
2026-07-01 10:52,79,Brasilien,0.0739,0.2947,2135.4
2026-07-01 10:52,79,Marokko,0.0414,0.2546,2046.1
2026-07-01 10:52,79,Schottland,0.0,0.0,1846.8
2026-07-01 10:52,79,Haiti,0.0,0.0,1672.4
2026-07-01 10:52,79,USA,0.0112,0.0811,1904.0
2026-07-01 10:52,79,Paraguay,0.006,0.0661,1919.6
2026-07-01 10:52,79,Australien,0.0029,0.0455,1907.1
2026-07-01 10:52,79,Tuerkei,0.0,0.0,1964.6
2026-07-01 10:52,79,Deutschland,0.0331,0.1512,2049.4
2026-07-01 10:52,79,Ecuador,0.0,0.0,1995.8
2026-07-01 10:52,79,Curacao,0.0,0.0,1579.9
2026-07-01 10:52,79,Elfenbeinkueste,0.0,0.0,1889.7
2026-07-01 10:52,79,Niederlande,0.0,0.0,2062.9
2026-07-01 10:52,79,Japan,0.0,0.0,2022.7
2026-07-01 10:52,79,Tunesien,0.0,0.0,1703.7
2026-07-01 10:52,79,Schweden,0.0046,0.0491,1838.6
2026-07-01 10:52,79,Belgien,0.0336,0.1694,2021.1
2026-07-01 10:52,79,Aegypten,0.0021,0.0355,1863.3
2026-07-01 10:52,79,Iran,0.0,0.0,1911.0
2026-07-01 10:52,79,Neuseeland,0.0,0.0,1670.4
2026-07-01 10:52,79,Spanien,0.1461,0.3598,2212.3
2026-07-01 10:52,79,Uruguay,0.0,0.0,1931.4
2026-07-01 10:52,79,Saudi-Arabien,0.0,0.0,1700.8
2026-07-01 10:52,79,Kap Verde,0.0,0.0068,1699.3
2026-07-01 10:52,79,Frankreich,0.1542,0.411,2187.5
2026-07-01 10:52,79,Norwegen,0.0395,0.2052,2027.2
2026-07-01 10:52,79,Senegal,0.0058,0.0507,1914.6
2026-07-01 10:52,79,Irak,0.0,0.0,1690.7
2026-07-01 10:52,79,Argentinien,0.1858,0.522,2235.2
2026-07-01 10:52,79,Oesterreich,0.0036,0.0381,1961.2
2026-07-01 10:52,79,Algerien,0.0052,0.047,1946.5
2026-07-01 10:52,79,Jordanien,0.0,0.0,1735.5
2026-07-01 10:52,79,Portugal,0.051,0.1838,2090.1
2026-07-01 10:52,79,Kolumbien,0.0329,0.1871,2098.7
2026-07-01 10:52,79,Usbekistan,0.0,0.0,1763.8
2026-07-01 10:52,79,DR Kongo,0.0001,0.0066,1804.4
2026-07-01 10:52,79,England,0.0838,0.2969,2095.1
2026-07-01 10:52,79,Kroatien,0.0126,0.0701,1986.5
2026-07-01 10:52,79,Ghana,0.0002,0.0103,1674.0
2026-07-01 10:52,79,Panama,0.0,0.0,1760.1
2026-07-02 10:17,82,Mexiko,0.027,0.1633,2048.1
2026-07-02 10:17,82,Suedkorea,0.0,0.0,1855.7
2026-07-02 10:17,82,Suedafrika,0.0,0.0,1692.3
2026-07-02 10:17,82,Tschechien,0.0,0.0,1818.9
2026-07-02 10:17,82,Kanada,0.0092,0.1136,1912.3
2026-07-02 10:17,82,Schweiz,0.0238,0.1495,2012.5
2026-07-02 10:17,82,Katar,0.0,0.0,1528.1
2026-07-02 10:17,82,Bosnien-Herzegowina,0.0001,0.0087,1698.2
2026-07-02 10:17,82,Brasilien,0.0684,0.2754,2135.4
2026-07-02 10:17,82,Marokko,0.0406,0.24,2046.1
2026-07-02 10:17,82,Schottland,0.0,0.0,1846.8
2026-07-02 10:17,82,Haiti,0.0,0.0,1672.4
2026-07-02 10:17,82,USA,0.0105,0.0785,1914.3
2026-07-02 10:17,82,Paraguay,0.0056,0.0629,1919.6
2026-07-02 10:17,82,Australien,0.0031,0.0422,1907.1
2026-07-02 10:17,82,Tuerkei,0.0,0.0,1964.6
2026-07-02 10:17,82,Deutschland,0.0336,0.1514,2049.4
2026-07-02 10:17,82,Ecuador,0.0,0.0,1995.8
2026-07-02 10:17,82,Curacao,0.0,0.0,1579.9
2026-07-02 10:17,82,Elfenbeinkueste,0.0,0.0,1889.7
2026-07-02 10:17,82,Niederlande,0.0,0.0,2062.9
2026-07-02 10:17,82,Japan,0.0,0.0,2022.7
2026-07-02 10:17,82,Tunesien,0.0,0.0,1703.7
2026-07-02 10:17,82,Schweden,0.0042,0.0524,1838.6
2026-07-02 10:17,82,Belgien,0.0572,0.2638,2035.2
2026-07-02 10:17,82,Aegypten,0.0022,0.0351,1863.3
2026-07-02 10:17,82,Iran,0.0,0.0,1911.0
2026-07-02 10:17,82,Neuseeland,0.0,0.0,1670.4
2026-07-02 10:17,82,Spanien,0.1334,0.3392,2212.3
2026-07-02 10:17,82,Uruguay,0.0,0.0,1931.4
2026-07-02 10:17,82,Saudi-Arabien,0.0,0.0,1700.8
2026-07-02 10:17,82,Kap Verde,0.0,0.0058,1699.3
2026-07-02 10:17,82,Frankreich,0.1624,0.4234,2187.5
2026-07-02 10:17,82,Norwegen,0.0355,0.1946,2027.2
2026-07-02 10:17,82,Senegal,0.0,0.0,1900.6
2026-07-02 10:17,82,Irak,0.0,0.0,1690.7
2026-07-02 10:17,82,Argentinien,0.1784,0.5217,2235.2
2026-07-02 10:17,82,Oesterreich,0.0045,0.0337,1961.2
2026-07-02 10:17,82,Algerien,0.0033,0.037,1946.5
2026-07-02 10:17,82,Jordanien,0.0,0.0,1735.5
2026-07-02 10:17,82,Portugal,0.0499,0.1787,2090.1
2026-07-02 10:17,82,Kolumbien,0.0301,0.1822,2098.7
2026-07-02 10:17,82,Usbekistan,0.0,0.0,1763.8
2026-07-02 10:17,82,DR Kongo,0.0,0.0,1798.1
2026-07-02 10:17,82,England,0.1036,0.3667,2101.4
2026-07-02 10:17,82,Kroatien,0.0126,0.0691,1986.5
2026-07-02 10:17,82,Ghana,0.0008,0.0111,1674.0
2026-07-02 10:17,82,Panama,0.0,0.0,1760.1
2026-07-03 10:12,85,Mexiko,0.0289,0.1602,2048.1
2026-07-03 10:12,85,Suedkorea,0.0,0.0,1855.7
2026-07-03 10:12,85,Suedafrika,0.0,0.0,1692.3
2026-07-03 10:12,85,Tschechien,0.0,0.0,1818.9
2026-07-03 10:12,85,Kanada,0.0073,0.1113,1912.3
2026-07-03 10:12,85,Schweiz,0.0249,0.1495,2035.4
2026-07-03 10:12,85,Katar,0.0,0.0,1528.1
2026-07-03 10:12,85,Bosnien-Herzegowina,0.0,0.0061,1698.2
2026-07-03 10:12,85,Brasilien,0.0624,0.2766,2135.4
2026-07-03 10:12,85,Marokko,0.041,0.248,2046.1
2026-07-03 10:12,85,Schottland,0.0,0.0,1846.8
2026-07-03 10:12,85,Haiti,0.0,0.0,1672.4
2026-07-03 10:12,85,USA,0.009,0.0701,1914.3
2026-07-03 10:12,85,Paraguay,0.0042,0.064,1919.6
2026-07-03 10:12,85,Australien,0.0019,0.0419,1907.1
2026-07-03 10:12,85,Tuerkei,0.0,0.0,1964.6
2026-07-03 10:12,85,Deutschland,0.0288,0.1383,2049.4
2026-07-03 10:12,85,Ecuador,0.0,0.0,1995.8
2026-07-03 10:12,85,Curacao,0.0,0.0,1579.9
2026-07-03 10:12,85,Elfenbeinkueste,0.0,0.0,1889.7
2026-07-03 10:12,85,Niederlande,0.0,0.0,2062.9
2026-07-03 10:12,85,Japan,0.0,0.0,2022.7
2026-07-03 10:12,85,Tunesien,0.0,0.0,1703.7
2026-07-03 10:12,85,Schweden,0.0028,0.0484,1838.6
2026-07-03 10:12,85,Belgien,0.0492,0.2324,2035.2
2026-07-03 10:12,85,Aegypten,0.0019,0.0373,1863.3
2026-07-03 10:12,85,Iran,0.0,0.0,1911.0
2026-07-03 10:12,85,Neuseeland,0.0,0.0,1670.4
2026-07-03 10:12,85,Spanien,0.1608,0.416,2225.5
2026-07-03 10:12,85,Uruguay,0.0,0.0,1931.4
2026-07-03 10:12,85,Saudi-Arabien,0.0,0.0,1700.8
2026-07-03 10:12,85,Kap Verde,0.0002,0.0063,1699.3
2026-07-03 10:12,85,Frankreich,0.1562,0.4323,2187.5
2026-07-03 10:12,85,Norwegen,0.0345,0.2009,2027.2
2026-07-03 10:12,85,Senegal,0.0,0.0,1900.6
2026-07-03 10:12,85,Irak,0.0,0.0,1690.7
2026-07-03 10:12,85,Argentinien,0.1794,0.5256,2235.2
2026-07-03 10:12,85,Oesterreich,0.0,0.0,1948.0
2026-07-03 10:12,85,Algerien,0.0028,0.0325,1923.6
2026-07-03 10:12,85,Jordanien,0.0,0.0,1735.5
2026-07-03 10:12,85,Portugal,0.0696,0.249,2104.3
2026-07-03 10:12,85,Kolumbien,0.0318,0.1815,2098.7
2026-07-03 10:12,85,Usbekistan,0.0,0.0,1763.8
2026-07-03 10:12,85,DR Kongo,0.0,0.0,1798.1
2026-07-03 10:12,85,England,0.1023,0.3623,2101.4
2026-07-03 10:12,85,Kroatien,0.0,0.0,1972.3
2026-07-03 10:12,85,Ghana,0.0001,0.0095,1674.0
2026-07-03 10:12,85,Panama,0.0,0.0,1760.1
2026-07-04 09:34,88,Mexiko,0.0254,0.1601,2048.1
2026-07-04 09:34,88,Suedkorea,0.0,0.0,1855.7
2026-07-04 09:34,88,Suedafrika,0.0,0.0,1692.3
2026-07-04 09:34,88,Tschechien,0.0,0.0,1818.9
2026-07-04 09:34,88,Kanada,0.0097,0.1147,1912.3
2026-07-04 09:34,88,Schweiz,0.0202,0.1266,2035.4
2026-07-04 09:34,88,Katar,0.0,0.0,1528.1
2026-07-04 09:34,88,Bosnien-Herzegowina,0.0001,0.0062,1698.2
2026-07-04 09:34,88,Brasilien,0.0595,0.2807,2135.4
2026-07-04 09:34,88,Marokko,0.0393,0.2563,2046.1
2026-07-04 09:34,88,Schottland,0.0,0.0,1846.8
2026-07-04 09:34,88,Haiti,0.0,0.0,1672.4
2026-07-04 09:34,88,USA,0.0107,0.0703,1914.3
2026-07-04 09:34,88,Paraguay,0.0042,0.0639,1919.6
2026-07-04 09:34,88,Australien,0.0,0.0,1904.6
2026-07-04 09:34,88,Tuerkei,0.0,0.0,1964.6
2026-07-04 09:34,88,Deutschland,0.0288,0.1462,2049.4
2026-07-04 09:34,88,Ecuador,0.0,0.0,1995.8
2026-07-04 09:34,88,Curacao,0.0,0.0,1579.9
2026-07-04 09:34,88,Elfenbeinkueste,0.0,0.0,1889.7
2026-07-04 09:34,88,Niederlande,0.0,0.0,2062.9
2026-07-04 09:34,88,Japan,0.0,0.0,2022.7
2026-07-04 09:34,88,Tunesien,0.0,0.0,1703.7
2026-07-04 09:34,88,Schweden,0.0021,0.0339,1838.6
2026-07-04 09:34,88,Belgien,0.0532,0.2352,2035.2
2026-07-04 09:34,88,Aegypten,0.0031,0.0541,1865.8
2026-07-04 09:34,88,Iran,0.0,0.0,1911.0
2026-07-04 09:34,88,Neuseeland,0.0,0.0,1670.4
2026-07-04 09:34,88,Spanien,0.1622,0.4162,2225.5
2026-07-04 09:34,88,Uruguay,0.0,0.0,1931.4
2026-07-04 09:34,88,Saudi-Arabien,0.0,0.0,1700.8
2026-07-04 09:34,88,Kap Verde,0.0,0.0,1697.5
2026-07-04 09:34,88,Frankreich,0.143,0.4127,2187.5
2026-07-04 09:34,88,Norwegen,0.0365,0.2016,2027.2
2026-07-04 09:34,88,Senegal,0.0,0.0,1900.6
2026-07-04 09:34,88,Irak,0.0,0.0,1690.7
2026-07-04 09:34,88,Argentinien,0.1927,0.5655,2237.0
2026-07-04 09:34,88,Oesterreich,0.0,0.0,1948.0
2026-07-04 09:34,88,Algerien,0.0031,0.0296,1923.6
2026-07-04 09:34,88,Jordanien,0.0,0.0,1735.5
2026-07-04 09:34,88,Portugal,0.0712,0.2487,2104.3
2026-07-04 09:34,88,Kolumbien,0.0393,0.2199,2101.9
2026-07-04 09:34,88,Usbekistan,0.0,0.0,1763.8
2026-07-04 09:34,88,DR Kongo,0.0,0.0,1798.1
2026-07-04 09:34,88,England,0.0957,0.3576,2101.4
2026-07-04 09:34,88,Kroatien,0.0,0.0,1972.3
2026-07-04 09:34,88,Ghana,0.0,0.0,1670.8
2026-07-04 09:34,88,Panama,0.0,0.0,1760.1
2026-07-05 09:53,90,Mexiko,0.0234,0.162,2048.1
2026-07-05 09:53,90,Suedkorea,0.0,0.0,1855.7
2026-07-05 09:53,90,Suedafrika,0.0,0.0,1692.3
2026-07-05 09:53,90,Tschechien,0.0,0.0,1818.9
2026-07-05 09:53,90,Kanada,0.0,0.0,1890.3
2026-07-05 09:53,90,Schweiz,0.0205,0.1293,2035.4
2026-07-05 09:53,90,Katar,0.0,0.0,1528.1
2026-07-05 09:53,90,Bosnien-Herzegowina,0.0,0.0029,1698.2
2026-07-05 09:53,90,Brasilien,0.0628,0.275,2135.4
2026-07-05 09:53,90,Marokko,0.0627,0.3611,2068.0
2026-07-05 09:53,90,Schottland,0.0,0.0,1846.8
2026-07-05 09:53,90,Haiti,0.0,0.0,1672.4
2026-07-05 09:53,90,USA,0.0083,0.0715,1914.3
2026-07-05 09:53,90,Paraguay,0.0,0.0,1912.5
2026-07-05 09:53,90,Australien,0.0,0.0,1904.6
2026-07-05 09:53,90,Tuerkei,0.0,0.0,1964.6
2026-07-05 09:53,90,Deutschland,0.031,0.1615,2049.4
2026-07-05 09:53,90,Ecuador,0.0,0.0,1995.8
2026-07-05 09:53,90,Curacao,0.0,0.0,1579.9
2026-07-05 09:53,90,Elfenbeinkueste,0.0,0.0,1889.7
2026-07-05 09:53,90,Niederlande,0.0,0.0,2062.9
2026-07-05 09:53,90,Japan,0.0,0.0,2022.7
2026-07-05 09:53,90,Tunesien,0.0,0.0,1703.7
2026-07-05 09:53,90,Schweden,0.0023,0.0389,1838.6
2026-07-05 09:53,90,Belgien,0.0432,0.2334,2035.2
2026-07-05 09:53,90,Aegypten,0.0027,0.0583,1865.8
2026-07-05 09:53,90,Iran,0.0,0.0,1911.0
2026-07-05 09:53,90,Neuseeland,0.0,0.0,1670.4
2026-07-05 09:53,90,Spanien,0.1553,0.4225,2225.5
2026-07-05 09:53,90,Uruguay,0.0,0.0,1931.4
2026-07-05 09:53,90,Saudi-Arabien,0.0,0.0,1700.8
2026-07-05 09:53,90,Kap Verde,0.0,0.0,1697.5
2026-07-05 09:53,90,Frankreich,0.1677,0.4745,2194.6
2026-07-05 09:53,90,Norwegen,0.0344,0.2003,2027.2
2026-07-05 09:53,90,Senegal,0.0,0.0,1900.6
2026-07-05 09:53,90,Irak,0.0,0.0,1690.7
2026-07-05 09:53,90,Argentinien,0.1855,0.5603,2237.0
2026-07-05 09:53,90,Oesterreich,0.0,0.0,1948.0
2026-07-05 09:53,90,Algerien,0.0017,0.0261,1923.6
2026-07-05 09:53,90,Jordanien,0.0,0.0,1735.5
2026-07-05 09:53,90,Portugal,0.066,0.2465,2104.3
2026-07-05 09:53,90,Kolumbien,0.0368,0.2132,2101.9
2026-07-05 09:53,90,Usbekistan,0.0,0.0,1763.8
2026-07-05 09:53,90,DR Kongo,0.0,0.0,1798.1
2026-07-05 09:53,90,England,0.0957,0.3627,2101.4
2026-07-05 09:53,90,Kroatien,0.0,0.0,1972.3
2026-07-05 09:53,90,Ghana,0.0,0.0,1670.8
2026-07-05 09:53,90,Panama,0.0,0.0,1760.1
2026-07-06 11:46,92,Mexiko,0.0,0.0,2027.4
2026-07-06 11:46,92,Suedkorea,0.0,0.0,1855.7
2026-07-06 11:46,92,Suedafrika,0.0,0.0,1692.3
2026-07-06 11:46,92,Tschechien,0.0,0.0,1818.9
2026-07-06 11:46,92,Kanada,0.0,0.0,1890.3
2026-07-06 11:46,92,Schweiz,0.0186,0.1239,2035.4
2026-07-06 11:46,92,Katar,0.0,0.0,1528.1
2026-07-06 11:46,92,Bosnien-Herzegowina,0.0002,0.0029,1698.2
2026-07-06 11:46,92,Brasilien,0.0,0.0,2098.6
2026-07-06 11:46,92,Marokko,0.0613,0.354,2068.0
2026-07-06 11:46,92,Schottland,0.0,0.0,1846.8
2026-07-06 11:46,92,Haiti,0.0,0.0,1672.4
2026-07-06 11:46,92,USA,0.0076,0.0716,1914.3
2026-07-06 11:46,92,Paraguay,0.0,0.0,1912.5
2026-07-06 11:46,92,Australien,0.0,0.0,1904.6
2026-07-06 11:46,92,Tuerkei,0.0,0.0,1964.6
2026-07-06 11:46,92,Deutschland,0.0334,0.1567,2049.4
2026-07-06 11:46,92,Ecuador,0.0,0.0,1995.8
2026-07-06 11:46,92,Curacao,0.0,0.0,1579.9
2026-07-06 11:46,92,Elfenbeinkueste,0.0,0.0,1889.7
2026-07-06 11:46,92,Niederlande,0.0,0.0,2062.9
2026-07-06 11:46,92,Japan,0.0,0.0,2022.7
2026-07-06 11:46,92,Tunesien,0.0,0.0,1703.7
2026-07-06 11:46,92,Schweden,0.0016,0.034,1838.6
2026-07-06 11:46,92,Belgien,0.0392,0.229,2035.2
2026-07-06 11:46,92,Aegypten,0.0031,0.0575,1865.8
2026-07-06 11:46,92,Iran,0.0,0.0,1911.0
2026-07-06 11:46,92,Neuseeland,0.0,0.0,1670.4
2026-07-06 11:46,92,Spanien,0.1541,0.4234,2225.5
2026-07-06 11:46,92,Uruguay,0.0,0.0,1931.4
2026-07-06 11:46,92,Saudi-Arabien,0.0,0.0,1700.8
2026-07-06 11:46,92,Kap Verde,0.0,0.0,1697.5
2026-07-06 11:46,92,Frankreich,0.1641,0.4864,2194.6
2026-07-06 11:46,92,Norwegen,0.0756,0.3949,2064.0
2026-07-06 11:46,92,Senegal,0.0,0.0,1900.6
2026-07-06 11:46,92,Irak,0.0,0.0,1690.7
2026-07-06 11:46,92,Argentinien,0.1751,0.5685,2237.0
2026-07-06 11:46,92,Oesterreich,0.0,0.0,1948.0
2026-07-06 11:46,92,Algerien,0.0018,0.032,1923.6
2026-07-06 11:46,92,Jordanien,0.0,0.0,1735.5
2026-07-06 11:46,92,Portugal,0.0647,0.244,2104.3
2026-07-06 11:46,92,Kolumbien,0.0349,0.2161,2101.9
2026-07-06 11:46,92,Usbekistan,0.0,0.0,1763.8
2026-07-06 11:46,92,DR Kongo,0.0,0.0,1798.1
2026-07-06 11:46,92,England,0.1647,0.6051,2122.1
2026-07-06 11:46,92,Kroatien,0.0,0.0,1972.3
2026-07-06 11:46,92,Ghana,0.0,0.0,1670.8
2026-07-06 11:46,92,Panama,0.0,0.0,1760.1
2026-07-07 10:36,94,Mexiko,0.0,0.0,2027.4
2026-07-07 10:36,94,Suedkorea,0.0,0.0,1855.7
2026-07-07 10:36,94,Suedafrika,0.0,0.0,1692.3
2026-07-07 10:36,94,Tschechien,0.0,0.0,1818.9
2026-07-07 10:36,94,Kanada,0.0,0.0,1890.3
2026-07-07 10:36,94,Schweiz,0.018,0.1325,2035.4
2026-07-07 10:36,94,Katar,0.0,0.0,1528.1
2026-07-07 10:36,94,Bosnien-Herzegowina,0.0002,0.0046,1698.2
2026-07-07 10:36,94,Brasilien,0.0,0.0,2109.4
2026-07-07 10:36,94,Marokko,0.0547,0.3595,2068.0
2026-07-07 10:36,94,Schottland,0.0,0.0,1846.8
2026-07-07 10:36,94,Haiti,0.0,0.0,1672.4
2026-07-07 10:36,94,USA,0.0,0.0,1885.2
2026-07-07 10:36,94,Paraguay,0.0,0.0,1912.5
2026-07-07 10:36,94,Australien,0.0,0.0,1904.6
2026-07-07 10:36,94,Tuerkei,0.0,0.0,1964.6
2026-07-07 10:36,94,Deutschland,0.0272,0.1599,2049.4
2026-07-07 10:36,94,Ecuador,0.0,0.0,1995.8
2026-07-07 10:36,94,Curacao,0.0,0.0,1579.9
2026-07-07 10:36,94,Elfenbeinkueste,0.0,0.0,1889.7
2026-07-07 10:36,94,Niederlande,0.0,0.0,2062.9
2026-07-07 10:36,94,Japan,0.0,0.0,2022.7
2026-07-07 10:36,94,Tunesien,0.0,0.0,1703.7
2026-07-07 10:36,94,Schweden,0.0025,0.0388,1838.6
2026-07-07 10:36,94,Belgien,0.0574,0.2933,2064.3
2026-07-07 10:36,94,Aegypten,0.0025,0.0522,1865.8
2026-07-07 10:36,94,Iran,0.0,0.0,1911.0
2026-07-07 10:36,94,Neuseeland,0.0,0.0,1670.4
2026-07-07 10:36,94,Spanien,0.2463,0.6797,2238.8
2026-07-07 10:36,94,Uruguay,0.0,0.0,1931.4
2026-07-07 10:36,94,Saudi-Arabien,0.0,0.0,1700.8
2026-07-07 10:36,94,Kap Verde,0.0,0.0,1697.5
2026-07-07 10:36,94,Frankreich,0.1556,0.476,2194.6
2026-07-07 10:36,94,Norwegen,0.0674,0.392,2053.3
2026-07-07 10:36,94,Senegal,0.0,0.0,1900.6
2026-07-07 10:36,94,Irak,0.0,0.0,1690.7
2026-07-07 10:36,94,Argentinien,0.1726,0.5581,2237.0
2026-07-07 10:36,94,Oesterreich,0.0,0.0,1948.0
2026-07-07 10:36,94,Algerien,0.0015,0.027,1923.6
2026-07-07 10:36,94,Jordanien,0.0,0.0,1735.5
2026-07-07 10:36,94,Portugal,0.0,0.0,2091.0
2026-07-07 10:36,94,Kolumbien,0.0342,0.2184,2101.9
2026-07-07 10:36,94,Usbekistan,0.0,0.0,1763.8
2026-07-07 10:36,94,DR Kongo,0.0,0.0,1798.1
2026-07-07 10:36,94,England,0.1599,0.608,2122.1
2026-07-07 10:36,94,Kroatien,0.0,0.0,1972.3
2026-07-07 10:36,94,Ghana,0.0,0.0,1670.8
2026-07-07 10:36,94,Panama,0.0,0.0,1760.1
2026-07-08 09:43,96,Mexiko,0.0,0.0,2027.4
2026-07-08 09:43,96,Suedkorea,0.0,0.0,1855.7
2026-07-08 09:43,96,Suedafrika,0.0,0.0,1692.3
2026-07-08 09:43,96,Tschechien,0.0,0.0,1818.9
2026-07-08 09:43,96,Kanada,0.0,0.0,1890.3
2026-07-08 09:43,96,Schweiz,0.0316,0.211,2039.2
2026-07-08 09:43,96,Katar,0.0,0.0,1528.1
2026-07-08 09:43,96,Bosnien-Herzegowina,0.0,0.0042,1698.2
2026-07-08 09:43,96,Brasilien,0.0,0.0,2109.4
2026-07-08 09:43,96,Marokko,0.0503,0.3592,2068.0
2026-07-08 09:43,96,Schottland,0.0,0.0,1846.8
2026-07-08 09:43,96,Haiti,0.0,0.0,1672.4
2026-07-08 09:43,96,USA,0.0,0.0,1885.2
2026-07-08 09:43,96,Paraguay,0.0,0.0,1912.5
2026-07-08 09:43,96,Australien,0.0,0.0,1904.6
2026-07-08 09:43,96,Tuerkei,0.0,0.0,1964.6
2026-07-08 09:43,96,Deutschland,0.0286,0.1632,2049.4
2026-07-08 09:43,96,Ecuador,0.0,0.0,1995.8
2026-07-08 09:43,96,Curacao,0.0,0.0,1579.9
2026-07-08 09:43,96,Elfenbeinkueste,0.0,0.0,1889.7
2026-07-08 09:43,96,Niederlande,0.0,0.0,2062.9
2026-07-08 09:43,96,Japan,0.0,0.0,2022.7
2026-07-08 09:43,96,Tunesien,0.0,0.0,1703.7
2026-07-08 09:43,96,Schweden,0.0018,0.0262,1838.6
2026-07-08 09:43,96,Belgien,0.057,0.301,2064.3
2026-07-08 09:43,96,Aegypten,0.0,0.0,1861.6
2026-07-08 09:43,96,Iran,0.0,0.0,1911.0
2026-07-08 09:43,96,Neuseeland,0.0,0.0,1670.4
2026-07-08 09:43,96,Spanien,0.2435,0.6743,2238.8
2026-07-08 09:43,96,Uruguay,0.0,0.0,1931.4
2026-07-08 09:43,96,Saudi-Arabien,0.0,0.0,1700.8
2026-07-08 09:43,96,Kap Verde,0.0,0.0,1697.5
2026-07-08 09:43,96,Frankreich,0.1528,0.4734,2194.6
2026-07-08 09:43,96,Norwegen,0.0605,0.4023,2053.3
2026-07-08 09:43,96,Senegal,0.0,0.0,1900.6
2026-07-08 09:43,96,Irak,0.0,0.0,1690.7
2026-07-08 09:43,96,Argentinien,0.21,0.6835,2241.2
2026-07-08 09:43,96,Oesterreich,0.0,0.0,1948.0
2026-07-08 09:43,96,Algerien,0.0015,0.0247,1923.6
2026-07-08 09:43,96,Jordanien,0.0,0.0,1735.5
2026-07-08 09:43,96,Portugal,0.0,0.0,2091.0
2026-07-08 09:43,96,Kolumbien,0.0123,0.0793,2098.1
2026-07-08 09:43,96,Usbekistan,0.0,0.0,1763.8
2026-07-08 09:43,96,DR Kongo,0.0,0.0,1798.1
2026-07-08 09:43,96,England,0.1501,0.5977,2122.1
2026-07-08 09:43,96,Kroatien,0.0,0.0,1972.3
2026-07-08 09:43,96,Ghana,0.0,0.0,1670.8
2026-07-08 09:43,96,Panama,0.0,0.0,1760.1
2026-07-10 10:31,97,Mexiko,0.0,0.0,2027.4
2026-07-10 10:31,97,Suedkorea,0.0,0.0,1855.7
2026-07-10 10:31,97,Suedafrika,0.0,0.0,1692.3
2026-07-10 10:31,97,Tschechien,0.0,0.0,1818.9
2026-07-10 10:31,97,Kanada,0.0,0.0,1890.3
2026-07-10 10:31,97,Schweiz,0.0318,0.2168,2039.2
2026-07-10 10:31,97,Katar,0.0,0.0,1528.1
2026-07-10 10:31,97,Bosnien-Herzegowina,0.0,0.0041,1698.2
2026-07-10 10:31,97,Brasilien,0.0,0.0,2109.4
2026-07-10 10:31,97,Marokko,0.0184,0.1397,2049.6
2026-07-10 10:31,97,Schottland,0.0,0.0,1846.8
2026-07-10 10:31,97,Haiti,0.0,0.0,1672.4
2026-07-10 10:31,97,USA,0.0,0.0,1885.2
2026-07-10 10:31,97,Paraguay,0.0,0.0,1912.5
2026-07-10 10:31,97,Australien,0.0,0.0,1904.6
2026-07-10 10:31,97,Tuerkei,0.0,0.0,1964.6
2026-07-10 10:31,97,Deutschland,0.027,0.1535,2049.4
2026-07-10 10:31,97,Ecuador,0.0,0.0,1995.8
2026-07-10 10:31,97,Curacao,0.0,0.0,1579.9
2026-07-10 10:31,97,Elfenbeinkueste,0.0,0.0,1889.7
2026-07-10 10:31,97,Niederlande,0.0,0.0,2062.9
2026-07-10 10:31,97,Japan,0.0,0.0,2022.7
2026-07-10 10:31,97,Tunesien,0.0,0.0,1703.7
2026-07-10 10:31,97,Schweden,0.0011,0.0285,1838.6
2026-07-10 10:31,97,Belgien,0.0517,0.2955,2064.3
2026-07-10 10:31,97,Aegypten,0.0,0.0,1861.6
2026-07-10 10:31,97,Iran,0.0,0.0,1911.0
2026-07-10 10:31,97,Neuseeland,0.0,0.0,1670.4
2026-07-10 10:31,97,Spanien,0.2313,0.6808,2238.8
2026-07-10 10:31,97,Uruguay,0.0,0.0,1931.4
2026-07-10 10:31,97,Saudi-Arabien,0.0,0.0,1700.8
2026-07-10 10:31,97,Kap Verde,0.0,0.0,1697.5
2026-07-10 10:31,97,Frankreich,0.2236,0.7027,2213.0
2026-07-10 10:31,97,Norwegen,0.0556,0.3901,2053.3
2026-07-10 10:31,97,Senegal,0.0,0.0,1900.6
2026-07-10 10:31,97,Irak,0.0,0.0,1690.7
2026-07-10 10:31,97,Argentinien,0.2064,0.6793,2241.2
2026-07-10 10:31,97,Oesterreich,0.0,0.0,1948.0
2026-07-10 10:31,97,Algerien,0.0011,0.0237,1923.6
2026-07-10 10:31,97,Jordanien,0.0,0.0,1735.5
2026-07-10 10:31,97,Portugal,0.0,0.0,2091.0
2026-07-10 10:31,97,Kolumbien,0.0095,0.0754,2098.1
2026-07-10 10:31,97,Usbekistan,0.0,0.0,1763.8
2026-07-10 10:31,97,DR Kongo,0.0,0.0,1798.1
2026-07-10 10:31,97,England,0.1425,0.6099,2122.1
2026-07-10 10:31,97,Kroatien,0.0,0.0,1972.3
2026-07-10 10:31,97,Ghana,0.0,0.0,1670.8
2026-07-10 10:31,97,Panama,0.0,0.0,1760.1
2026-07-10 21:07,97,Mexiko,0.0,0.0,2027.4
2026-07-10 21:07,97,Suedkorea,0.0,0.0,1855.7
2026-07-10 21:07,97,Suedafrika,0.0,0.0,1692.3
2026-07-10 21:07,97,Tschechien,0.0,0.0,1818.9
2026-07-10 21:07,97,Kanada,0.0,0.0,1890.3
2026-07-10 21:07,97,Schweiz,0.024,0.192,2039.2
2026-07-10 21:07,97,Katar,0.0,0.0,1528.1
2026-07-10 21:07,97,Bosnien-Herzegowina,0.0,0.0067,1698.2
2026-07-10 21:07,97,Brasilien,0.0,0.0,2109.4
2026-07-10 21:07,97,Marokko,0.0033,0.0573,2049.6
2026-07-10 21:07,97,Schottland,0.0,0.0,1846.8
2026-07-10 21:07,97,Haiti,0.0,0.0,1672.4
2026-07-10 21:07,97,USA,0.0,0.0,1885.2
2026-07-10 21:07,97,Paraguay,0.0,0.018,1912.5
2026-07-10 21:07,97,Australien,0.0,0.0,1904.6
2026-07-10 21:07,97,Tuerkei,0.0,0.0,1964.6
2026-07-10 21:07,97,Deutschland,0.0,0.0,2049.4
2026-07-10 21:07,97,Ecuador,0.0,0.0,1995.8
2026-07-10 21:07,97,Curacao,0.0,0.0,1579.9
2026-07-10 21:07,97,Elfenbeinkueste,0.0,0.0,1889.7
2026-07-10 21:07,97,Niederlande,0.0,0.0,2062.9
2026-07-10 21:07,97,Japan,0.0,0.0,2022.7
2026-07-10 21:07,97,Tunesien,0.0,0.0,1703.7
2026-07-10 21:07,97,Schweden,0.0007,0.0333,1838.6
2026-07-10 21:07,97,Belgien,0.046,0.2927,2064.3
2026-07-10 21:07,97,Aegypten,0.0,0.0,1861.6
2026-07-10 21:07,97,Iran,0.0,0.0,1911.0
2026-07-10 21:07,97,Neuseeland,0.0,0.0,1670.4
2026-07-10 21:07,97,Spanien,0.208,0.6853,2238.8
2026-07-10 21:07,97,Uruguay,0.0,0.0,1931.4
2026-07-10 21:07,97,Saudi-Arabien,0.0,0.0,1700.8
2026-07-10 21:07,97,Kap Verde,0.0,0.0,1697.5
2026-07-10 21:07,97,Frankreich,0.3093,0.918,2213.0
2026-07-10 21:07,97,Norwegen,0.052,0.382,2053.3
2026-07-10 21:07,97,Senegal,0.0,0.0,1900.6
2026-07-10 21:07,97,Irak,0.0,0.0,1690.7
2026-07-10 21:07,97,Argentinien,0.1933,0.6893,2241.2
2026-07-10 21:07,97,Oesterreich,0.0,0.0,1948.0
2026-07-10 21:07,97,Algerien,0.0013,0.022,1923.6
2026-07-10 21:07,97,Jordanien,0.0,0.0,1735.5
2026-07-10 21:07,97,Portugal,0.0,0.0,2091.0
2026-07-10 21:07,97,Kolumbien,0.01,0.0853,2098.1
2026-07-10 21:07,97,Usbekistan,0.0,0.0,1763.8
2026-07-10 21:07,97,DR Kongo,0.0,0.0,1798.1
2026-07-10 21:07,97,England,0.152,0.618,2122.1
2026-07-10 21:07,97,Kroatien,0.0,0.0,1972.3
2026-07-10 21:07,97,Ghana,0.0,0.0,1670.8
2026-07-10 21:07,97,Panama,0.0,0.0,1760.1
2026-07-10 21:14,97,Mexiko,0.0,0.0,2027.4
2026-07-10 21:14,97,Suedkorea,0.0,0.0,1855.7
2026-07-10 21:14,97,Suedafrika,0.0,0.0,1692.3
2026-07-10 21:14,97,Tschechien,0.0,0.0,1818.9
2026-07-10 21:14,97,Kanada,0.0,0.0,1890.3
2026-07-10 21:14,97,Schweiz,0.043,0.3201,2039.2
2026-07-10 21:14,97,Katar,0.0,0.0,1528.1
2026-07-10 21:14,97,Bosnien-Herzegowina,0.0,0.0,1698.2
2026-07-10 21:14,97,Brasilien,0.0,0.0,2109.4
2026-07-10 21:14,97,Marokko,0.0,0.0,2049.6
2026-07-10 21:14,97,Schottland,0.0,0.0,1846.8
2026-07-10 21:14,97,Haiti,0.0,0.0,1672.4
2026-07-10 21:14,97,USA,0.0,0.0,1885.2
2026-07-10 21:14,97,Paraguay,0.0,0.0,1912.5
2026-07-10 21:14,97,Australien,0.0,0.0,1904.6
2026-07-10 21:14,97,Tuerkei,0.0,0.0,1964.6
2026-07-10 21:14,97,Deutschland,0.0,0.0,2049.4
2026-07-10 21:14,97,Ecuador,0.0,0.0,1995.8
2026-07-10 21:14,97,Curacao,0.0,0.0,1579.9
2026-07-10 21:14,97,Elfenbeinkueste,0.0,0.0,1889.7
2026-07-10 21:14,97,Niederlande,0.0,0.0,2062.9
2026-07-10 21:14,97,Japan,0.0,0.0,2022.7
2026-07-10 21:14,97,Tunesien,0.0,0.0,1703.7
2026-07-10 21:14,97,Schweden,0.0,0.0,1838.6
2026-07-10 21:14,97,Belgien,0.0513,0.3303,2064.3
2026-07-10 21:14,97,Aegypten,0.0,0.0,1861.6
2026-07-10 21:14,97,Iran,0.0,0.0,1911.0
2026-07-10 21:14,97,Neuseeland,0.0,0.0,1670.4
2026-07-10 21:14,97,Spanien,0.2024,0.6697,2238.8
2026-07-10 21:14,97,Uruguay,0.0,0.0,1931.4
2026-07-10 21:14,97,Saudi-Arabien,0.0,0.0,1700.8
2026-07-10 21:14,97,Kap Verde,0.0,0.0,1697.5
2026-07-10 21:14,97,Frankreich,0.3272,1.0,2213.0
2026-07-10 21:14,97,Norwegen,0.0556,0.3983,2053.3
2026-07-10 21:14,97,Senegal,0.0,0.0,1900.6
2026-07-10 21:14,97,Irak,0.0,0.0,1690.7
2026-07-10 21:14,97,Argentinien,0.1915,0.6799,2241.2
2026-07-10 21:14,97,Oesterreich,0.0,0.0,1948.0
2026-07-10 21:14,97,Algerien,0.0,0.0,1923.6
2026-07-10 21:14,97,Jordanien,0.0,0.0,1735.5
2026-07-10 21:14,97,Portugal,0.0,0.0,2091.0
2026-07-10 21:14,97,Kolumbien,0.0,0.0,2098.1
2026-07-10 21:14,97,Usbekistan,0.0,0.0,1763.8
2026-07-10 21:14,97,DR Kongo,0.0,0.0,1798.1
2026-07-10 21:14,97,England,0.129,0.6017,2122.1
2026-07-10 21:14,97,Kroatien,0.0,0.0,1972.3
2026-07-10 21:14,97,Ghana,0.0,0.0,1670.8
2026-07-10 21:14,97,Panama,0.0,0.0,1760.1
2026-07-11 09:03,98,Mexiko,0.0,0.0,2027.4
2026-07-11 09:03,98,Suedkorea,0.0,0.0,1855.7
2026-07-11 09:03,98,Suedafrika,0.0,0.0,1692.3
2026-07-11 09:03,98,Tschechien,0.0,0.0,1818.9
2026-07-11 09:03,98,Kanada,0.0,0.0,1890.3
2026-07-11 09:03,98,Schweiz,0.0415,0.3266,2039.2
2026-07-11 09:03,98,Katar,0.0,0.0,1528.1
2026-07-11 09:03,98,Bosnien-Herzegowina,0.0,0.0,1698.2
2026-07-11 09:03,98,Brasilien,0.0,0.0,2109.4
2026-07-11 09:03,98,Marokko,0.0,0.0,2049.6
2026-07-11 09:03,98,Schottland,0.0,0.0,1846.8
2026-07-11 09:03,98,Haiti,0.0,0.0,1672.4
2026-07-11 09:03,98,USA,0.0,0.0,1885.2
2026-07-11 09:03,98,Paraguay,0.0,0.0,1912.5
2026-07-11 09:03,98,Australien,0.0,0.0,1904.6
2026-07-11 09:03,98,Tuerkei,0.0,0.0,1964.6
2026-07-11 09:03,98,Deutschland,0.0,0.0,2049.4
2026-07-11 09:03,98,Ecuador,0.0,0.0,1995.8
2026-07-11 09:03,98,Curacao,0.0,0.0,1579.9
2026-07-11 09:03,98,Elfenbeinkueste,0.0,0.0,1889.7
2026-07-11 09:03,98,Niederlande,0.0,0.0,2062.9
2026-07-11 09:03,98,Japan,0.0,0.0,2022.7
2026-07-11 09:03,98,Tunesien,0.0,0.0,1703.7
2026-07-11 09:03,98,Schweden,0.0,0.0,1838.6
2026-07-11 09:03,98,Belgien,0.0,0.0,2053.6
2026-07-11 09:03,98,Aegypten,0.0,0.0,1861.6
2026-07-11 09:03,98,Iran,0.0,0.0,1911.0
2026-07-11 09:03,98,Neuseeland,0.0,0.0,1670.4
2026-07-11 09:03,98,Spanien,0.3028,1.0,2249.5
2026-07-11 09:03,98,Uruguay,0.0,0.0,1931.4
2026-07-11 09:03,98,Saudi-Arabien,0.0,0.0,1700.8
2026-07-11 09:03,98,Kap Verde,0.0,0.0,1697.5
2026-07-11 09:03,98,Frankreich,0.29,1.0,2213.0
2026-07-11 09:03,98,Norwegen,0.0538,0.3968,2053.3
2026-07-11 09:03,98,Senegal,0.0,0.0,1900.6
2026-07-11 09:03,98,Irak,0.0,0.0,1690.7
2026-07-11 09:03,98,Argentinien,0.1811,0.6734,2241.2
2026-07-11 09:03,98,Oesterreich,0.0,0.0,1948.0
2026-07-11 09:03,98,Algerien,0.0,0.0,1923.6
2026-07-11 09:03,98,Jordanien,0.0,0.0,1735.5
2026-07-11 09:03,98,Portugal,0.0,0.0,2091.0
2026-07-11 09:03,98,Kolumbien,0.0,0.0,2098.1
2026-07-11 09:03,98,Usbekistan,0.0,0.0,1763.8
2026-07-11 09:03,98,DR Kongo,0.0,0.0,1798.1
2026-07-11 09:03,98,England,0.1308,0.6032,2122.1
2026-07-11 09:03,98,Kroatien,0.0,0.0,1972.3
2026-07-11 09:03,98,Ghana,0.0,0.0,1670.8
2026-07-11 09:03,98,Panama,0.0,0.0,1760.1
2026-07-13 16:23,100,Mexiko,0.0,0.0,2027.4
2026-07-13 16:23,100,Suedkorea,0.0,0.0,1855.7
2026-07-13 16:23,100,Suedafrika,0.0,0.0,1692.3
2026-07-13 16:23,100,Tschechien,0.0,0.0,1818.9
2026-07-13 16:23,100,Kanada,0.0,0.0,1890.3
2026-07-13 16:23,100,Schweiz,0.0,0.0,2025.8
2026-07-13 16:23,100,Katar,0.0,0.0,1528.1
2026-07-13 16:23,100,Bosnien-Herzegowina,0.0,0.0,1698.2
2026-07-13 16:23,100,Brasilien,0.0,0.0,2109.4
2026-07-13 16:23,100,Marokko,0.0,0.0,2049.6
2026-07-13 16:23,100,Schottland,0.0,0.0,1846.8
2026-07-13 16:23,100,Haiti,0.0,0.0,1672.4
2026-07-13 16:23,100,USA,0.0,0.0,1885.2
2026-07-13 16:23,100,Paraguay,0.0,0.0,1912.5
2026-07-13 16:23,100,Australien,0.0,0.0,1904.6
2026-07-13 16:23,100,Tuerkei,0.0,0.0,1964.6
2026-07-13 16:23,100,Deutschland,0.0,0.0,2049.4
2026-07-13 16:23,100,Ecuador,0.0,0.0,1995.8
2026-07-13 16:23,100,Curacao,0.0,0.0,1579.9
2026-07-13 16:23,100,Elfenbeinkueste,0.0,0.0,1889.7
2026-07-13 16:23,100,Niederlande,0.0,0.0,2062.9
2026-07-13 16:23,100,Japan,0.0,0.0,2022.7
2026-07-13 16:23,100,Tunesien,0.0,0.0,1703.7
2026-07-13 16:23,100,Schweden,0.0,0.0,1838.6
2026-07-13 16:23,100,Belgien,0.0,0.0,2053.6
2026-07-13 16:23,100,Aegypten,0.0,0.0,1861.6
2026-07-13 16:23,100,Iran,0.0,0.0,1911.0
2026-07-13 16:23,100,Neuseeland,0.0,0.0,1670.4
2026-07-13 16:23,100,Spanien,0.2817,1.0,2249.5
2026-07-13 16:23,100,Uruguay,0.0,0.0,1931.4
2026-07-13 16:23,100,Saudi-Arabien,0.0,0.0,1700.8
2026-07-13 16:23,100,Kap Verde,0.0,0.0,1697.5
2026-07-13 16:23,100,Frankreich,0.266,1.0,2213.0
2026-07-13 16:23,100,Norwegen,0.0,0.0,2037.2
2026-07-13 16:23,100,Senegal,0.0,0.0,1900.6
2026-07-13 16:23,100,Irak,0.0,0.0,1690.7
2026-07-13 16:23,100,Argentinien,0.2534,1.0,2254.7
2026-07-13 16:23,100,Oesterreich,0.0,0.0,1948.0
2026-07-13 16:23,100,Algerien,0.0,0.0,1923.6
2026-07-13 16:23,100,Jordanien,0.0,0.0,1735.5
2026-07-13 16:23,100,Portugal,0.0,0.0,2091.0
2026-07-13 16:23,100,Kolumbien,0.0,0.0,2098.1
2026-07-13 16:23,100,Usbekistan,0.0,0.0,1763.8
2026-07-13 16:23,100,DR Kongo,0.0,0.0,1798.1
2026-07-13 16:23,100,England,0.1989,1.0,2138.2
2026-07-13 16:23,100,Kroatien,0.0,0.0,1972.3
2026-07-13 16:23,100,Ghana,0.0,0.0,1670.8
2026-07-13 16:23,100,Panama,0.0,0.0,1760.1
2026-07-15 09:25,101,Mexiko,0.0,0.0,2027.4
2026-07-15 09:25,101,Suedkorea,0.0,0.0,1855.7
2026-07-15 09:25,101,Suedafrika,0.0,0.0,1692.3
2026-07-15 09:25,101,Tschechien,0.0,0.0,1818.9
2026-07-15 09:25,101,Kanada,0.0,0.0,1890.3
2026-07-15 09:25,101,Schweiz,0.0,0.0,2025.8
2026-07-15 09:25,101,Katar,0.0,0.0,1528.1
2026-07-15 09:25,101,Bosnien-Herzegowina,0.0,0.0,1698.2
2026-07-15 09:25,101,Brasilien,0.0,0.0,2109.4
2026-07-15 09:25,101,Marokko,0.0,0.0,2049.6
2026-07-15 09:25,101,Schottland,0.0,0.0,1846.8
2026-07-15 09:25,101,Haiti,0.0,0.0,1672.4
2026-07-15 09:25,101,USA,0.0,0.0,1885.2
2026-07-15 09:25,101,Paraguay,0.0,0.0,1912.5
2026-07-15 09:25,101,Australien,0.0,0.0,1904.6
2026-07-15 09:25,101,Tuerkei,0.0,0.0,1964.6
2026-07-15 09:25,101,Deutschland,0.0,0.0,2049.4
2026-07-15 09:25,101,Ecuador,0.0,0.0,1995.8
2026-07-15 09:25,101,Curacao,0.0,0.0,1579.9
2026-07-15 09:25,101,Elfenbeinkueste,0.0,0.0,1889.7
2026-07-15 09:25,101,Niederlande,0.0,0.0,2062.9
2026-07-15 09:25,101,Japan,0.0,0.0,2022.7
2026-07-15 09:25,101,Tunesien,0.0,0.0,1703.7
2026-07-15 09:25,101,Schweden,0.0,0.0,1838.6
2026-07-15 09:25,101,Belgien,0.0,0.0,2053.6
2026-07-15 09:25,101,Aegypten,0.0,0.0,1861.6
2026-07-15 09:25,101,Iran,0.0,0.0,1911.0
2026-07-15 09:25,101,Neuseeland,0.0,0.0,1670.4
2026-07-15 09:25,101,Spanien,0.5715,1.0,2274.8
2026-07-15 09:25,101,Uruguay,0.0,0.0,1931.4
2026-07-15 09:25,101,Saudi-Arabien,0.0,0.0,1700.8
2026-07-15 09:25,101,Kap Verde,0.0,0.0,1697.5
2026-07-15 09:25,101,Frankreich,0.0,1.0,2187.7
2026-07-15 09:25,101,Norwegen,0.0,0.0,2037.2
2026-07-15 09:25,101,Senegal,0.0,0.0,1900.6
2026-07-15 09:25,101,Irak,0.0,0.0,1690.7
2026-07-15 09:25,101,Argentinien,0.2497,1.0,2254.7
2026-07-15 09:25,101,Oesterreich,0.0,0.0,1948.0
2026-07-15 09:25,101,Algerien,0.0,0.0,1923.6
2026-07-15 09:25,101,Jordanien,0.0,0.0,1735.5
2026-07-15 09:25,101,Portugal,0.0,0.0,2091.0
2026-07-15 09:25,101,Kolumbien,0.0,0.0,2098.1
2026-07-15 09:25,101,Usbekistan,0.0,0.0,1763.8
2026-07-15 09:25,101,DR Kongo,0.0,0.0,1798.1
2026-07-15 09:25,101,England,0.1788,1.0,2138.2
2026-07-15 09:25,101,Kroatien,0.0,0.0,1972.3
2026-07-15 09:25,101,Ghana,0.0,0.0,1670.8
2026-07-15 09:25,101,Panama,0.0,0.0,1760.1
2026-07-16 09:33,102,Mexiko,0.0,0.0,2027.5
2026-07-16 09:33,102,Suedkorea,0.0,0.0,1855.8
2026-07-16 09:33,102,Suedafrika,0.0,0.0,1692.4
2026-07-16 09:33,102,Tschechien,0.0,0.0,1819.0
2026-07-16 09:33,102,Kanada,0.0,0.0,1890.5
2026-07-16 09:33,102,Schweiz,0.0,0.0,2025.9
2026-07-16 09:33,102,Katar,0.0,0.0,1528.2
2026-07-16 09:33,102,Bosnien-Herzegowina,0.0,0.0,1698.4
2026-07-16 09:33,102,Brasilien,0.0,0.0,2109.5
2026-07-16 09:33,102,Marokko,0.0,0.0,2049.8
2026-07-16 09:33,102,Schottland,0.0,0.0,1847.0
2026-07-16 09:33,102,Haiti,0.0,0.0,1672.5
2026-07-16 09:33,102,USA,0.0,0.0,1885.3
2026-07-16 09:33,102,Paraguay,0.0,0.0,1912.7
2026-07-16 09:33,102,Australien,0.0,0.0,1904.7
2026-07-16 09:33,102,Tuerkei,0.0,0.0,1964.8
2026-07-16 09:33,102,Deutschland,0.0,0.0,2049.6
2026-07-16 09:33,102,Ecuador,0.0,0.0,1995.9
2026-07-16 09:33,102,Curacao,0.0,0.0,1580.0
2026-07-16 09:33,102,Elfenbeinkueste,0.0,0.0,1889.8
2026-07-16 09:33,102,Niederlande,0.0,0.0,2063.1
2026-07-16 09:33,102,Japan,0.0,0.0,2022.8
2026-07-16 09:33,102,Tunesien,0.0,0.0,1703.8
2026-07-16 09:33,102,Schweden,0.0,0.0,1838.8
2026-07-16 09:33,102,Belgien,0.0,0.0,2053.7
2026-07-16 09:33,102,Aegypten,0.0,0.0,1861.8
2026-07-16 09:33,102,Iran,0.0,0.0,1911.2
2026-07-16 09:33,102,Neuseeland,0.0,0.0,1670.5
2026-07-16 09:33,102,Spanien,0.5331,1.0,2275.0
2026-07-16 09:33,102,Uruguay,0.0,0.0,1931.5
2026-07-16 09:33,102,Saudi-Arabien,0.0,0.0,1700.9
2026-07-16 09:33,102,Kap Verde,0.0,0.0,1697.7
2026-07-16 09:33,102,Frankreich,0.0,1.0,2187.8
2026-07-16 09:33,102,Norwegen,0.0,0.0,2037.4
2026-07-16 09:33,102,Senegal,0.0,0.0,1900.7
2026-07-16 09:33,102,Irak,0.0,0.0,1690.8
2026-07-16 09:33,102,Argentinien,0.4669,1.0,2268.3
2026-07-16 09:33,102,Oesterreich,0.0,0.0,1948.2
2026-07-16 09:33,102,Algerien,0.0,0.0,1923.7
2026-07-16 09:33,102,Jordanien,0.0,0.0,1735.7
2026-07-16 09:33,102,Portugal,0.0,0.0,2091.2
2026-07-16 09:33,102,Kolumbien,0.0,0.0,2098.3
2026-07-16 09:33,102,Usbekistan,0.0,0.0,1763.9
2026-07-16 09:33,102,DR Kongo,0.0,0.0,1798.2
2026-07-16 09:33,102,England,0.0,1.0,2124.8
2026-07-16 09:33,102,Kroatien,0.0,0.0,1972.4
2026-07-16 09:33,102,Ghana,0.0,0.0,1670.9
2026-07-16 09:33,102,Panama,0.0,0.0,1760.2
2026-07-19 09:24,103,Mexiko,0.0,0.0,2027.5
2026-07-19 09:24,103,Suedkorea,0.0,0.0,1855.8
2026-07-19 09:24,103,Suedafrika,0.0,0.0,1692.4
2026-07-19 09:24,103,Tschechien,0.0,0.0,1819.0
2026-07-19 09:24,103,Kanada,0.0,0.0,1890.5
2026-07-19 09:24,103,Schweiz,0.0,0.0,2025.9
2026-07-19 09:24,103,Katar,0.0,0.0,1528.2
2026-07-19 09:24,103,Bosnien-Herzegowina,0.0,0.0,1698.4
2026-07-19 09:24,103,Brasilien,0.0,0.0,2109.5
2026-07-19 09:24,103,Marokko,0.0,0.0,2049.8
2026-07-19 09:24,103,Schottland,0.0,0.0,1847.0
2026-07-19 09:24,103,Haiti,0.0,0.0,1672.5
2026-07-19 09:24,103,USA,0.0,0.0,1885.3
2026-07-19 09:24,103,Paraguay,0.0,0.0,1912.7
2026-07-19 09:24,103,Australien,0.0,0.0,1904.7
2026-07-19 09:24,103,Tuerkei,0.0,0.0,1964.8
2026-07-19 09:24,103,Deutschland,0.0,0.0,2049.6
2026-07-19 09:24,103,Ecuador,0.0,0.0,1995.9
2026-07-19 09:24,103,Curacao,0.0,0.0,1580.0
2026-07-19 09:24,103,Elfenbeinkueste,0.0,0.0,1889.8
2026-07-19 09:24,103,Niederlande,0.0,0.0,2063.1
2026-07-19 09:24,103,Japan,0.0,0.0,2022.8
2026-07-19 09:24,103,Tunesien,0.0,0.0,1703.8
2026-07-19 09:24,103,Schweden,0.0,0.0,1838.8
2026-07-19 09:24,103,Belgien,0.0,0.0,2053.7
2026-07-19 09:24,103,Aegypten,0.0,0.0,1861.8
2026-07-19 09:24,103,Iran,0.0,0.0,1911.2
2026-07-19 09:24,103,Neuseeland,0.0,0.0,1670.5
2026-07-19 09:24,103,Spanien,0.5435,1.0,2275.0
2026-07-19 09:24,103,Uruguay,0.0,0.0,1931.5
2026-07-19 09:24,103,Saudi-Arabien,0.0,0.0,1700.9
2026-07-19 09:24,103,Kap Verde,0.0,0.0,1697.7
2026-07-19 09:24,103,Frankreich,0.0,1.0,2154.5
2026-07-19 09:24,103,Norwegen,0.0,0.0,2037.4
2026-07-19 09:24,103,Senegal,0.0,0.0,1900.7
2026-07-19 09:24,103,Irak,0.0,0.0,1690.8
2026-07-19 09:24,103,Argentinien,0.4565,1.0,2268.3
2026-07-19 09:24,103,Oesterreich,0.0,0.0,1948.2
2026-07-19 09:24,103,Algerien,0.0,0.0,1923.7
2026-07-19 09:24,103,Jordanien,0.0,0.0,1735.7
2026-07-19 09:24,103,Portugal,0.0,0.0,2091.2
2026-07-19 09:24,103,Kolumbien,0.0,0.0,2098.3
2026-07-19 09:24,103,Usbekistan,0.0,0.0,1763.9
2026-07-19 09:24,103,DR Kongo,0.0,0.0,1798.2
2026-07-19 09:24,103,England,0.0,1.0,2158.2
2026-07-19 09:24,103,Kroatien,0.0,0.0,1972.4
2026-07-19 09:24,103,Ghana,0.0,0.0,1670.9
2026-07-19 09:24,103,Panama,0.0,0.0,1760.2
2026-07-20 10:23,104,Mexiko,0.0,0.0,2027.5
2026-07-20 10:23,104,Suedkorea,0.0,0.0,1855.8
2026-07-20 10:23,104,Suedafrika,0.0,0.0,1692.4
2026-07-20 10:23,104,Tschechien,0.0,0.0,1819.0
2026-07-20 10:23,104,Kanada,0.0,0.0,1890.5
2026-07-20 10:23,104,Schweiz,0.0,0.0,2025.9
2026-07-20 10:23,104,Katar,0.0,0.0,1528.2
2026-07-20 10:23,104,Bosnien-Herzegowina,0.0,0.0,1698.4
2026-07-20 10:23,104,Brasilien,0.0,0.0,2109.5
2026-07-20 10:23,104,Marokko,0.0,0.0,2049.8
2026-07-20 10:23,104,Schottland,0.0,0.0,1847.0
2026-07-20 10:23,104,Haiti,0.0,0.0,1672.5
2026-07-20 10:23,104,USA,0.0,0.0,1885.3
2026-07-20 10:23,104,Paraguay,0.0,0.0,1912.7
2026-07-20 10:23,104,Australien,0.0,0.0,1904.7
2026-07-20 10:23,104,Tuerkei,0.0,0.0,1964.8
2026-07-20 10:23,104,Deutschland,0.0,0.0,2049.6
2026-07-20 10:23,104,Ecuador,0.0,0.0,1995.9
2026-07-20 10:23,104,Curacao,0.0,0.0,1580.0
2026-07-20 10:23,104,Elfenbeinkueste,0.0,0.0,1889.8
2026-07-20 10:23,104,Niederlande,0.0,0.0,2063.1
2026-07-20 10:23,104,Japan,0.0,0.0,2022.8
2026-07-20 10:23,104,Tunesien,0.0,0.0,1703.8
2026-07-20 10:23,104,Schweden,0.0,0.0,1838.8
2026-07-20 10:23,104,Belgien,0.0,0.0,2053.7
2026-07-20 10:23,104,Aegypten,0.0,0.0,1861.8
2026-07-20 10:23,104,Iran,0.0,0.0,1911.2
2026-07-20 10:23,104,Neuseeland,0.0,0.0,1670.5
2026-07-20 10:23,104,Spanien,1.0,1.0,2294.6
2026-07-20 10:23,104,Uruguay,0.0,0.0,1931.5
2026-07-20 10:23,104,Saudi-Arabien,0.0,0.0,1700.9
2026-07-20 10:23,104,Kap Verde,0.0,0.0,1697.7
2026-07-20 10:23,104,Frankreich,0.0,1.0,2154.5
2026-07-20 10:23,104,Norwegen,0.0,0.0,2037.4
2026-07-20 10:23,104,Senegal,0.0,0.0,1900.7
2026-07-20 10:23,104,Irak,0.0,0.0,1690.8
2026-07-20 10:23,104,Argentinien,0.0,1.0,2248.7
2026-07-20 10:23,104,Oesterreich,0.0,0.0,1948.2
2026-07-20 10:23,104,Algerien,0.0,0.0,1923.7
2026-07-20 10:23,104,Jordanien,0.0,0.0,1735.7
2026-07-20 10:23,104,Portugal,0.0,0.0,2091.2
2026-07-20 10:23,104,Kolumbien,0.0,0.0,2098.3
2026-07-20 10:23,104,Usbekistan,0.0,0.0,1763.9
2026-07-20 10:23,104,DR Kongo,0.0,0.0,1798.2
2026-07-20 10:23,104,England,0.0,1.0,2158.2
2026-07-20 10:23,104,Kroatien,0.0,0.0,1972.4
2026-07-20 10:23,104,Ghana,0.0,0.0,1670.9
2026-07-20 10:23,104,Panama,0.0,0.0,1760.2
